rank,teamName,score,submissionDate
1,Changye Li,0.97142,2026-08-22T21:20:29.08Z
2,MILANFX,0.97141,2026-08-22T00:34:43.37Z
3,Chris Deotte,0.97134,2026-08-22T21:18:48.48Z
4,Maher el Ouahabi,0.97134,2026-08-22T16:22:29.2733333Z
5,Keanan,0.97132,2026-08-22T11:22:34.6233333Z
6,Utkarsh,0.97131,2026-08-22T05:34:44.5633333Z
7,cstdy,0.97131,2026-08-22T18:32:31.72Z
8,Szymon Kłapiński,0.97130,2026-08-21T12:24:43.4766667Z
9,Optimistix,0.97130,2026-08-22T20:28:24.27Z
10,Don Mani,0.97130,2026-08-22T11:22:19.9566667Z
11,Leo,0.97128,2026-08-22T17:14:55.83Z
12,Emile Andrieu,0.97127,2026-08-21T15:28:45.78Z
13,Can,0.97126,2026-08-22T21:12:39.1966667Z
14,HuiJuan.Yu,0.97125,2026-08-22T14:09:08.3833333Z
15,william950615,0.97124,2026-08-22T11:33:44.7666667Z
16,Atakan Aldemir,0.97124,2026-08-22T18:34:01.4166667Z
17,Mikhail Naumov,0.97123,2026-08-22T07:40:12.2866667Z
18,Mehul Arora,0.97123,2026-08-22T18:21:05.2566667Z
19,thisray,0.97123,2026-08-22T08:05:44.38Z
20,KK_nut,0.97123,2026-08-22T01:44:13.1866667Z
21,Md.Mahfujul Karim,0.97122,2026-08-22T10:18:11.6866667Z
22,jazivxt,0.97122,2026-08-22T04:14:00.8366667Z
23,miki,0.97122,2026-08-22T06:39:19.6966667Z
24,Shashwat Bajpai,0.97122,2026-08-22T08:46:56.3466667Z
25,Naji,0.97122,2026-08-22T05:13:42.4866667Z
26,Deniz Eryılmaz,0.97122,2026-08-22T10:42:29.9633333Z
27,Omkar Kadam,0.97122,2026-08-22T15:58:22.8733333Z
28,Maria Startseva,0.97121,2026-08-22T12:16:03.61Z
29,BOB,0.97121,2026-08-22T15:31:46.8333333Z
30,Zeyou Zhang,0.97121,2026-08-22T17:22:26.0533333Z
31,Saynam,0.97121,2026-08-21T23:59:07.52Z
32,Dariush Afshar,0.97121,2026-08-21T16:30:09.34Z
33,Arkat Khassanov,0.97121,2026-08-22T15:52:18.3966667Z
34,Andrew98,0.97121,2026-08-22T10:19:11.89Z
35,Peggy,0.97121,2026-08-21T23:20:39.8866667Z
36,JungHwan,0.97121,2026-08-22T08:29:51.5566667Z
37,Omar Morsi 2004,0.97121,2026-08-22T11:03:29.7566667Z
38,FrankyFeng,0.97121,2026-08-22T11:45:35.8833333Z
39,Charles Backman on LinkedIn,0.97121,2026-08-17T15:59:47.8333333Z
40,delai50,0.97120,2026-08-22T16:50:47.4866667Z
41,Mitudru Dutta,0.97120,2026-08-21T09:04:00.31Z
42,Mahog,0.97120,2026-08-17T13:29:38.5633333Z
43,Wang H2O,0.97120,2026-08-21T14:58:51.8666667Z
44,r0tor,0.97120,2026-08-21T14:13:57.9266667Z
45,Ravi Ramakrishnan,0.97119,2026-08-21T20:10:58.2266667Z
46,choqui62,0.97119,2026-08-22T06:09:03.4333333Z
47,Timofej Golobokov,0.97119,2026-08-22T00:01:12.9033333Z
48,yukiZ,0.97119,2026-08-22T05:02:10.5366667Z
49,DataRegressor,0.97119,2026-08-21T13:18:39.66Z
50,Kunal Desale,0.97119,2026-08-21T13:40:13.1366667Z
51,Aditya2909rb,0.97119,2026-08-21T15:53:45.1666667Z
52,Ezra Kho,0.97119,2026-08-22T09:22:27.9533333Z
53,Gaurav Kokila,0.97119,2026-08-21T17:54:39.5533333Z
54,Akhyar,0.97119,2026-08-21T18:05:00.87Z
55,M.N. Mohamed Aman,0.97119,2026-08-21T22:59:12.7166667Z
56,BostonKaggle,0.97119,2026-08-21T23:31:03.7166667Z
57,kglctf,0.97119,2026-08-22T07:40:32.0466667Z
58,StephenNedumpally,0.97119,2026-08-22T02:37:47.53Z
59,Mathieu W,0.97119,2026-08-22T08:30:38.8Z
60,HBoyang ,0.97119,2026-08-22T09:13:40.83Z
61,Yusuf Murtaza,0.97119,2026-08-22T12:58:18.39Z
62,Jeki Wan Taufik,0.97119,2026-08-22T14:32:45.0766667Z
63,Lavanya Bacche,0.97119,2026-08-22T14:38:47.58Z
64,Muhammed Shad Bhati,0.97119,2026-08-22T15:19:15.2633333Z
65,Akhilesh godugu,0.97119,2026-08-22T15:33:54.96Z
66,Roshan Roy,0.97119,2026-08-22T17:42:00.2066667Z
67,Souvik_D_Biswas,0.97119,2026-08-22T18:07:29.94Z
68,Abdelrahman Goda,0.97119,2026-08-22T18:56:38.6Z
69,Nhật Quyên,0.97119,2026-08-22T10:51:53.22Z
70,Martin Delgado,0.97118,2026-08-22T03:47:39.5933333Z
71,Teddy Tennant,0.97118,2026-08-22T12:38:26.8433333Z
72,Masaya Kawamata,0.97118,2026-08-22T11:10:21.32Z
73,Mursal Gorchuyev,0.97118,2026-08-18T07:45:34.5266667Z
74,Malhar Ujawane,0.97118,2026-08-16T16:49:57.4033333Z
75,mraz1006,0.97118,2026-08-20T09:28:52.7733333Z
76,Tilii,0.97118,2026-08-22T20:39:18.4566667Z
77,Rayk Kretzschmar,0.97118,2026-08-20T07:33:11.6533333Z
78,Laura Liepa,0.97118,2026-08-22T10:52:26.5366667Z
79,sssskilo,0.97117,2026-08-20T07:00:41.58Z
80,Aman Atar,0.97117,2026-08-20T16:05:53.95Z
81,Orig_lab,0.97117,2026-08-21T16:00:56.5966667Z
82,Ye Guanzi,0.97117,2026-08-20T10:57:33.4966667Z
83,Ayaz Ahmed Kazi,0.97117,2026-08-21T12:02:43.0133333Z
84,Shikhar_AII,0.97117,2026-08-21T19:18:35.0266667Z
85,alexandre santo,0.97117,2026-08-20T18:08:09.94Z
86,Nagipan74,0.97117,2026-08-22T08:08:29.4166667Z
87,yicong shen,0.97117,2026-08-19T08:56:19.7433333Z
88,Raef Guizani,0.97117,2026-08-22T13:14:26.9733333Z
89,Hem J V K,0.97117,2026-08-20T02:28:41.58Z
90,Mohamed Saeed,0.97117,2026-08-18T16:33:08.8666667Z
91,Pascal,0.97117,2026-08-18T16:54:11.62Z
92,Michael Y. Qiu,0.97117,2026-08-20T02:08:20.2266667Z
93,Md Abdul Al Hasib,0.97117,2026-08-19T18:36:46.5666667Z
94,deepblue,0.97117,2026-08-18T18:58:33.66Z
95,MJVinay,0.97117,2026-08-18T19:16:41.1733333Z
96,Reyhan Ksatria,0.97117,2026-08-18T21:19:43.2633333Z
97,Charismatic Pizza Party🍕,0.97117,2026-08-19T02:56:05.6333333Z
98,Ilya Sevastyanov,0.97117,2026-08-22T03:22:34.4033333Z
99,Raj Aryan Singh,0.97117,2026-08-19T07:41:58.8933333Z
100,Mathurin Ache,0.97117,2026-08-19T08:40:25.74Z
101,johnsebin97,0.97117,2026-08-20T13:11:22.8433333Z
102,Algorex,0.97117,2026-08-19T16:29:33.4666667Z
103,VKAUL3,0.97117,2026-08-19T17:42:13.2066667Z
104,Code by Nadiia,0.97117,2026-08-19T18:50:36.92Z
105,Harmain Mughal,0.97117,2026-08-20T07:43:18.2266667Z
106,Владислав Мурник,0.97117,2026-08-20T10:17:27.0966667Z
107,GodofThunder2407,0.97117,2026-08-20T10:31:06.9Z
108,Ramrithik Chirra,0.97117,2026-08-20T12:13:11.6333333Z
109,Ace,0.97117,2026-08-21T17:08:52.6Z
110,Nilav Kashyap,0.97117,2026-08-20T14:50:34.9633333Z
111,Affriza Wildan Fauzan,0.97117,2026-08-20T15:50:00.2866667Z
112,SagarGrv,0.97117,2026-08-22T16:01:17.0766667Z
113,aki,0.97117,2026-08-21T03:34:03.8733333Z
114,Jules Charlier,0.97117,2026-08-21T06:37:33.1066667Z
115,rupsa roy,0.97117,2026-08-21T06:54:39.4733333Z
116,AbdulRehman_AR,0.97117,2026-08-22T17:49:53.2233333Z
117,Andrey Shpigar,0.97117,2026-08-18T10:01:20.0666667Z
118,Bilal Shabbir1,0.97117,2026-08-21T16:14:15.4633333Z
119,AdarshAleti,0.97116,2026-08-18T16:48:54.0233333Z
120,Juan David Villate,0.97116,2026-08-20T13:17:35.5533333Z
121,curtisxi,0.97116,2026-08-22T00:01:56.66Z
122,Will,0.97115,2026-08-22T16:31:09.09Z
123,Felipe Tamaki,0.97115,2026-08-15T20:56:17.9433333Z
124,Miłosz,0.97115,2026-08-17T14:09:38.87Z
125,Huzaifa Mankda,0.97115,2026-08-20T18:33:06.21Z
126,attentionIsAllYouNeed,0.97115,2026-08-18T14:45:05.7566667Z
127,Wenbo Qin,0.97115,2026-08-22T15:07:40.68Z
128,tomo11111,0.97115,2026-08-20T13:08:58.9133333Z
129,DyliaX,0.97115,2026-08-21T14:58:36.19Z
130,Moaiz Baloch,0.97115,2026-08-19T03:04:50.1466667Z
131,AJboos,0.97115,2026-08-18T00:18:57.77Z
132,wataru kawashima,0.97114,2026-08-22T07:58:05.69Z
133,chenshiyo,0.97114,2026-08-21T23:29:12.3266667Z
134,Singaraj B,0.97114,2026-08-22T12:57:48.8533333Z
135,Laurent Pourchot,0.97114,2026-08-22T19:12:32.8733333Z
136,AI4SG,0.97114,2026-08-20T13:13:00.3966667Z
137,JM,0.97114,2026-08-18T13:24:43.1333333Z
138,Direc M,0.97114,2026-08-17T04:24:30.1533333Z
139,xi luo,0.97114,2026-08-19T16:18:52.11Z
140,Oleksandr Zalievskyi,0.97114,2026-08-19T18:34:47.58Z
141,Markus.JM,0.97114,2026-08-16T10:01:34.1933333Z
142,Arya Shah,0.97114,2026-08-19T11:25:01.8633333Z
143,mathis Brugeaud123,0.97114,2026-08-19T22:08:58.38Z
144,XAVI,0.97114,2026-08-18T04:42:11.6166667Z
145,Nipah,0.97113,2026-08-18T03:35:56.8566667Z
146,Sinh Nguyễn Đức,0.97113,2026-08-18T15:23:44.8266667Z
147,Mengfei Li,0.97113,2026-08-18T13:04:57.64Z
148,Sidharth Hulyalkar,0.97113,2026-08-20T20:32:26.8466667Z
149,Kyle Goosen,0.97113,2026-08-16T03:48:28.3866667Z
150,Achilov15,0.97113,2026-08-21T16:31:55.75Z
151,lytCNAORevision2018,0.97113,2026-08-16T13:08:27.6633333Z
152,Krasnov Daniil,0.97113,2026-08-18T19:50:35.6933333Z
153,harsh@gurnani08,0.97113,2026-08-17T14:46:33.91Z
154,Aniket Abhishek Soni,0.97113,2026-08-17T13:47:47.5166667Z
155,Pavlo Ivanin,0.97113,2026-08-17T19:32:34.7066667Z
156,Prinshu Dewangan,0.97113,2026-08-17T20:01:41.66Z
157,Silvan Müller,0.97113,2026-08-22T18:37:53.7033333Z
158,Hyun-woo Kim,0.97113,2026-08-18T05:57:20.0933333Z
159,Nishant Dhingra,0.97113,2026-08-21T05:10:25.7366667Z
160,Udit Jain,0.97113,2026-08-18T06:58:09.8333333Z
161,syouya tobita,0.97113,2026-08-21T03:36:10.08Z
162,CyberRacoon,0.97113,2026-08-21T02:38:45.6666667Z
163,ajikajadeh,0.97113,2026-08-21T07:06:49.9466667Z
164,FucaiXie1209,0.97113,2026-08-22T01:06:05.06Z
165,Jordi Corbilla,0.97113,2026-08-22T09:50:04.4666667Z
166,tyf_scu,0.97113,2026-08-22T01:18:28.7466667Z
167,Monesh Satheeswaran,0.97113,2026-08-18T13:45:06.3433333Z
168,Sankalp Nagineni,0.97113,2026-08-16T14:56:25.5633333Z
169,Neel Dipesh shah,0.97113,2026-08-21T22:47:36.67Z
170,Meryem Sakin,0.97113,2026-08-20T20:41:44.76Z
171,Robert Cyiza,0.97113,2026-08-21T18:02:14.3633333Z
172,Dnyanesh,0.97113,2026-08-19T17:16:02.8533333Z
173,liyumeng_1122,0.97113,2026-08-17T14:01:49.3866667Z
174,Punkharb,0.97113,2026-08-16T17:17:07.51Z
175,HemanthRaju311,0.97113,2026-08-21T06:47:43.7733333Z
176,AnthonyTherrien,0.97113,2026-08-17T10:39:47.97Z
177,Yogesh Jadhav,0.97113,2026-08-22T14:41:04.4033333Z
178,Leqi.Xie,0.97113,2026-08-17T06:27:46.13Z
179,Andrey01452,0.97113,2026-08-17T05:34:33.9333333Z
180,momo,0.97113,2026-08-19T09:06:00.4866667Z
181,Tamerlan Omralinov,0.97113,2026-08-19T07:27:06.68Z
182,Tanvi,0.97113,2026-08-18T00:40:24.5966667Z
183,maronist,0.97113,2026-08-20T00:01:52.1933333Z
184,Smit Tiwary,0.97113,2026-08-17T14:19:41.8966667Z
185,Vedran Hrabar,0.97113,2026-08-16T10:47:40.4533333Z
186,destroyer@123787,0.97113,2026-08-16T16:25:00.9933333Z
187,Muhammad Ridwan,0.97113,2026-08-21T13:42:54.65Z
188,Syed Muhammad Ahmed Khalid,0.97113,2026-08-18T08:01:45.6Z
189,Alexander Shahramanyan,0.97113,2026-08-21T09:19:11.2933333Z
190,lazy,0.97113,2026-08-16T06:28:41.21Z
191,Exposed,0.97113,2026-08-20T08:05:25.53Z
192,seanliwenguan,0.97113,2026-08-21T10:17:15Z
193,easonyanyan,0.97113,2026-08-22T00:47:38.8666667Z
194,Suharyadi,0.97113,2026-08-17T03:35:00.2733333Z
195,Syed Saad Hasan Emad,0.97112,2026-08-21T15:26:03.4566667Z
196,hang zhao666,0.97112,2026-08-22T09:16:26.66Z
197,yympong,0.97112,2026-08-22T12:28:03.67Z
198,LAN KEYNG,0.97112,2026-08-20T09:34:55.9266667Z
199,Dingwen Kong,0.97112,2026-08-21T05:39:38.8766667Z
200,dummynude,0.97112,2026-08-21T15:51:32.9366667Z
201,MKhlystun,0.97112,2026-08-19T21:24:27.29Z
202,acw511,0.97112,2026-08-19T00:08:19.7233333Z
203,Romone Dunlop,0.97112,2026-08-13T07:41:40.24Z
204,Cacinie,0.97112,2026-08-16T02:32:39.7833333Z
205,Shigeru Kondou,0.97111,2026-08-19T02:13:47.4366667Z
206,sissoko cheick,0.97111,2026-08-17T21:11:39.9966667Z
207,yw8837,0.97111,2026-08-21T10:18:14.04Z
208,Nikash U ,0.97111,2026-08-20T08:01:40.35Z
209,林木子吖,0.97111,2026-08-22T19:17:08.2766667Z
210,fromage _,0.97111,2026-08-18T02:29:24.7366667Z
211,Joe Young,0.97111,2026-08-17T14:57:54.81Z
212,Rabia Naz,0.97110,2026-08-19T12:23:16.7733333Z
213,midway2333,0.97110,2026-08-15T15:27:14.8233333Z
214,TANG BUDU 19SD195,0.97109,2026-08-16T12:54:40.8833333Z
215,Georgy Mamarin,0.97109,2026-08-18T05:04:11.7733333Z
216,magp,0.97109,2026-08-22T07:22:41.17Z
217,dangwok,0.97109,2026-08-16T21:48:32.7933333Z
218,scikit-learn,0.97108,2026-08-21T08:26:37.3066667Z
219,FunnyBishop,0.97108,2026-08-09T11:05:02.3066667Z
220,Raymond Yuen,0.97108,2026-08-22T03:59:30.9933333Z
221,LeTuanM,0.97108,2026-08-14T15:58:22.6866667Z
222,Seungjun Lee,0.97108,2026-08-22T04:10:57.43Z
223,KeHao Liu,0.97108,2026-08-14T04:57:30.33Z
224,Fujinawa,0.97107,2026-08-17T22:02:08.3666667Z
225,Jingxiang,0.97107,2026-08-22T07:17:57.21Z
226,Russlan Ramdowar,0.97107,2026-08-21T06:15:21.0866667Z
227,Games Jadley,0.97106,2026-08-13T17:23:10.8466667Z
228,Allan,0.97106,2026-08-21T00:52:40.88Z
229,Hongbin Guokaggle,0.97106,2026-08-17T09:42:52.2533333Z
230,ADITYA RAJ,0.97105,2026-08-22T21:55:00.7333333Z
231,­taekholee,0.97105,2026-08-17T02:37:34.1Z
232,Patrick Joël MAIRLOT-MBEZELE,0.97104,2026-08-09T14:57:39.8866667Z
233,VicenteCardoso,0.97104,2026-08-17T00:55:30.5766667Z
234,Shreela Sapkota,0.97104,2026-08-22T20:10:22.63Z
235,KrisGur,0.97104,2026-08-12T07:33:19.7566667Z
236,Swastik Prakash,0.97103,2026-08-21T11:20:51.1566667Z
237,CAPRICORNUS0908,0.97103,2026-08-22T00:30:06.4866667Z
238,Prashant & Nitin,0.97102,2026-08-22T19:39:14.9133333Z
239,stimmie,0.97102,2026-08-20T15:09:51.48Z
240,Vijay Takbhate,0.97102,2026-08-22T12:19:42.8266667Z
241,[Deleted] 8dbdc6cb-df54-4e59-8074-49491c77ab41,0.97101,2026-08-07T07:30:09.6966667Z
242,Aaran Dey,0.97101,2026-08-15T14:36:58.5666667Z
243,Mohammed Majeed,0.97101,2026-08-15T07:35:48.9733333Z
244,Youssef Morsi 2007,0.97101,2026-08-18T16:26:48.2566667Z
245,Syed Ahnaf Raza,0.97101,2026-08-15T20:23:58.27Z
246,Aleksei Surmin,0.97100,2026-08-22T20:52:24.4233333Z
247,aa3070,0.97100,2026-08-14T14:03:39.02Z
248,Akritas,0.97100,2026-08-14T14:55:41.2333333Z
249,adamdavis99,0.97100,2026-08-15T10:28:48.61Z
250,xxlcxsh,0.97100,2026-08-15T10:56:37.7966667Z
251,S M Asif Hossain,0.97100,2026-08-17T07:48:42.5033333Z
252,Anna Kazarian,0.97100,2026-08-18T20:03:32.05Z
253,TomaszBoguslawski,0.97100,2026-08-14T16:15:39.9233333Z
254,Chanakya Gidipally,0.97099,2026-08-14T00:02:46.22Z
255,織田織田,0.97099,2026-08-15T07:54:47.92Z
256,BaiYuBY,0.97099,2026-08-16T23:31:52.8633333Z
257,Hafida Belayd,0.97099,2026-08-13T23:15:24.74Z
258,Mohit_Negi,0.97099,2026-08-20T12:42:52.1966667Z
259,Vaibhav,0.97099,2026-08-14T16:21:01.71Z
260,Xu-shinonome,0.97099,2026-08-17T00:30:31.11Z
261,Panagiotis Anagnost,0.97098,2026-08-16T07:31:34.6466667Z
262,spicyricey,0.97098,2026-08-13T01:46:29.23Z
263,Saad M Khan,0.97098,2026-08-13T15:18:19.5066667Z
264,Mahmud Galib,0.97098,2026-08-12T14:36:19.8466667Z
265,Cristobal Tudela,0.97098,2026-08-12T15:41:38.16Z
266,Raunak Dey,0.97098,2026-08-12T17:16:21.41Z
267,Danushkumar Venkadesh,0.97098,2026-08-12T18:11:22.09Z
268,Chloe,0.97098,2026-08-13T02:42:07.59Z
269,asdfyash1,0.97098,2026-08-13T13:58:00.0566667Z
270,Kon James Ayuen,0.97098,2026-08-19T11:34:37.61Z
271,Kolektor Waifu,0.97098,2026-08-13T07:56:28.9166667Z
272,Dean0016,0.97098,2026-08-13T14:07:20.5666667Z
273,Yogesh Mishra,0.97098,2026-08-13T19:02:29.2366667Z
274,Aryan Kumar Sinha,0.97098,2026-08-14T14:51:00.4166667Z
275,Kareem,0.97098,2026-08-13T19:00:09.7366667Z
276,Hussaan Haroon,0.97098,2026-08-20T15:48:37.5633333Z
277,t2better,0.97097,2026-08-08T07:09:11.87Z
278,John Smith,0.97097,2026-08-14T09:29:23.69Z
279,Astraeus,0.97097,2026-08-22T04:01:54.7066667Z
280,Bulşah Keçici,0.97097,2026-08-12T01:01:26.7433333Z
281,M272727,0.97097,2026-08-16T01:50:31.94Z
282,Sophie,0.97097,2026-08-19T18:58:54.96Z
283,AsterZephyr,0.97097,2026-08-13T04:09:31.6633333Z
284,Prajwal Dongre,0.97097,2026-08-12T13:46:26.2533333Z
285,Jim879793123,0.97097,2026-08-17T05:08:56.3933333Z
286,Sega Mega,0.97097,2026-08-16T11:50:51.44Z
287,Jupiter6339,0.97097,2026-08-14T00:02:10.6766667Z
288,JiangWenfeng1,0.97097,2026-08-13T07:51:26.5133333Z
289,CHANGYOU MU,0.97097,2026-08-11T02:57:02.9366667Z
290,SparrowSteelDuck,0.97097,2026-08-10T07:29:15.2233333Z
291,qrcodeTH,0.97096,2026-08-19T08:09:22.85Z
292,Yusuke Hayashi,0.97096,2026-08-10T12:33:17.29Z
293,Hamza Nazim Siddiqui,0.97096,2026-08-18T17:14:15.12Z
294,Xiang,0.97096,2026-08-07T14:42:36.98Z
295,khursani,0.97096,2026-08-14T00:07:32.3533333Z
296,sergiobuilds,0.97095,2026-08-12T16:18:44.53Z
297,maximo lorenzo y losada,0.97095,2026-08-12T02:20:47.5433333Z
298,Cary Chan,0.97095,2026-08-12T04:50:17.8566667Z
299,JT-DS-Agent,0.97095,2026-08-18T08:23:46.2933333Z
300,GUAM,0.97095,2026-08-22T10:17:32.4533333Z
301,YappingNonStop,0.97095,2026-08-09T14:40:14.38Z
302,Hoai0312phong@,0.97095,2026-08-09T14:40:24.23Z
303,AlexPiggie,0.97095,2026-08-09T14:40:21.3566667Z
304,HansolKangLZ,0.97095,2026-08-12T04:32:41.8733333Z
305,Baoxinyang,0.97095,2026-08-11T17:44:00.7666667Z
306,Amaranta,0.97094,2026-08-21T01:13:08.8566667Z
307,Victor Orihuel,0.97093,2026-08-19T22:34:22.7266667Z
308,Andywjd,0.97092,2026-08-10T16:03:01.0266667Z
309,Zhenrui.Weng,0.97092,2026-08-09T23:44:30.35Z
310,islet,0.97092,2026-08-10T02:05:44.6466667Z
311,Ra'uf Fauzan Rambe,0.97092,2026-08-10T04:38:40.1933333Z
312,camurberkayy,0.97092,2026-08-10T13:47:17.79Z
313,Anhad Mahajan,0.97092,2026-08-10T14:17:54.5733333Z
314,prashant75,0.97092,2026-08-11T12:18:42.5966667Z
315,Gamze Akkurt,0.97092,2026-08-16T21:05:52.9433333Z
316,E散人chloeprice,0.97092,2026-08-12T10:42:53.3033333Z
317,HuangKX666,0.97092,2026-08-11T07:25:51.6866667Z
318,ItzRustam,0.97092,2026-08-11T12:50:54.9233333Z
319,KIM JISU,0.97092,2026-08-10T11:52:02.7433333Z
320,Yunho Hwang,0.97092,2026-08-11T18:22:54.4933333Z
321,Dhavan Shah,0.97092,2026-08-08T22:05:55.2066667Z
322,zulfikar isiklar,0.97092,2026-08-11T10:12:31.8533333Z
323,AleNic,0.97092,2026-08-09T19:19:24.5Z
324,RameshG888,0.97092,2026-08-09T17:37:42.01Z
325,Haidar Azka,0.97092,2026-08-10T05:26:39.47Z
326,SoraGinko,0.97091,2026-08-12T11:00:27.32Z
327,Kun Zhang,0.97091,2026-08-18T08:43:37.0666667Z
328,Vegard Berget,0.97091,2026-08-08T14:06:53.11Z
329,kinnkinn,0.97091,2026-08-09T19:56:26.6833333Z
330,Sakito Horie,0.97090,2026-08-18T00:57:58.54Z
331,LucasSmedley,0.97090,2026-08-06T12:08:01.6066667Z
332,Abdussamad Usman,0.97090,2026-08-10T22:07:55.5933333Z
333,MN Kaggler,0.97090,2026-08-18T16:17:58.58Z
334,HaydenPham,0.97089,2026-08-19T22:14:39.1566667Z
335,Randynho,0.97089,2026-08-14T19:20:58.5133333Z
336,nobuya,0.97089,2026-08-22T15:16:23.85Z
337,NIklitaCheporev,0.97088,2026-08-14T11:03:54.96Z
338,cameronezrajones579,0.97088,2026-08-09T16:56:56.9Z
339,bgnosboehb,0.97086,2026-08-07T20:56:08.06Z
340,vreamartins,0.97086,2026-08-10T00:05:03.4233333Z
341,HoaiPhong Nguyen,0.97086,2026-08-09T04:41:37.71Z
342,lsclove,0.97086,2026-08-17T07:36:58.52Z
343,Aryan Kumar,0.97086,2026-08-06T13:20:59.8333333Z
344,F.A.Nina,0.97086,2026-08-07T15:23:35.7733333Z
345,Yan Hu,0.97086,2026-08-07T10:21:06.67Z
346,Krizsó Gergely,0.97086,2026-08-07T15:53:20.5Z
347,Star_xinglan,0.97086,2026-08-06T05:48:24.24Z
348,family union윤원민 (윤원민),0.97086,2026-08-06T14:45:02.8633333Z
349,Harsh,0.97086,2026-08-06T20:15:01.09Z
350,Nithin maktha,0.97086,2026-08-06T20:20:45.66Z
351,Narendra2809,0.97086,2026-08-08T17:27:20.52Z
352,Hawksartelier,0.97086,2026-08-10T21:52:00.06Z
353,Pruthvish,0.97086,2026-08-09T11:20:00.39Z
354,Krinal Naghera,0.97086,2026-08-09T13:27:20.3366667Z
355,ktyser,0.97086,2026-08-09T21:12:49.9366667Z
356,tudousisi,0.97086,2026-08-06T08:43:36.4433333Z
357,Arko Bera,0.97086,2026-08-20T05:58:53.26Z
358,Jason-Oh,0.97085,2026-08-07T19:00:01.55Z
359,goodpjw2008,0.97085,2026-08-18T07:45:35.1766667Z
360,Yan,0.97085,2026-08-07T15:19:56.6266667Z
361,G4N0_669,0.97085,2026-08-14T17:18:32.2533333Z
362,Jithun is scammer,0.97085,2026-08-06T16:17:51.7566667Z
363,Evan Arlen Handy,0.97085,2026-08-07T01:11:44.99Z
364,ALKRIS,0.97085,2026-08-07T01:33:16.4633333Z
365,Rosehyt,0.97085,2026-08-05T14:30:04.9Z
366,Revanth Tambisetty,0.97085,2026-08-18T04:36:35.0933333Z
367,Kudos_07,0.97084,2026-08-06T17:05:05.5833333Z
368,xlforml,0.97084,2026-08-10T07:00:57.4933333Z
369,YUYA,0.97084,2026-08-05T13:38:22.9366667Z
370,Oleksii Zhukov,0.97084,2026-08-17T07:17:47.82Z
371,Tilak Datta Iyer,0.97084,2026-08-05T02:38:21.4866667Z
372,happylongliveduck!,0.97084,2026-08-04T11:47:24.1366667Z
373,Shiv Satyam,0.97084,2026-08-11T08:38:55.46Z
374,Gigrise,0.97084,2026-08-06T16:18:55.4933333Z
375,weimean,0.97084,2026-08-22T15:00:56.9333333Z
376,Sadam Torres,0.97084,2026-08-05T22:20:16.0266667Z
377,Lonnie,0.97084,2026-08-09T20:21:40.6966667Z
378,yuta_hamatani,0.97084,2026-08-05T04:32:30.22Z
379,OMID BAGHCHEH SARAEI,0.97084,2026-08-22T21:55:11.6533333Z
380,Sushmit Deb,0.97084,2026-08-11T11:46:08.94Z
381,Olga Eleftherakou,0.97084,2026-08-10T08:09:20.9233333Z
382,Alexie Huynh,0.97084,2026-08-21T17:35:32.8Z
383,BhuvanNR,0.97084,2026-08-19T12:47:40.4133333Z
384,Muneeb ul Hassan,0.97083,2026-08-12T23:45:44.5166667Z
385,wuy1hao,0.97083,2026-08-12T07:08:55.25Z
386,Hiến Nguyễn Đức,0.97083,2026-08-05T05:44:46.4733333Z
387,NULL,0.97083,2026-08-17T23:27:28.3Z
388,Lance Lee66,0.97083,2026-08-21T08:05:28.03Z
389,Coen Hewes,0.97083,2026-08-06T02:00:47.02Z
390,Kaileh57,0.97083,2026-08-06T02:57:45.86Z
391,Yong Ming-Jia,0.97083,2026-08-11T06:11:01.5433333Z
392,Coding made Easy,0.97083,2026-08-05T09:05:04.77Z
393,Kerem Tüzün,0.97083,2026-08-07T20:45:38.93Z
394,RYnerv,0.97082,2026-08-16T11:01:19.84Z
395,hertz,0.97082,2026-08-11T04:44:25.71Z
396,ValerieWL,0.97082,2026-08-22T09:15:38.21Z
397,Abdulatif Mahgoub,0.97082,2026-08-08T11:18:52.8633333Z
398,Julia Kolesnyk,0.97082,2026-08-05T04:50:05.7333333Z
399,Igor Orlachev,0.97082,2026-08-13T18:03:35.9666667Z
400,xiaoyang66,0.97082,2026-08-14T05:58:34.53Z
401,Rahul Ray,0.97081,2026-08-18T17:23:45.4966667Z
402,Boltuzamaki,0.97080,2026-08-08T08:18:05.5566667Z
403,Troy Loeffler,0.97079,2026-08-19T17:07:59.2433333Z
404,guosong111,0.97079,2026-08-08T03:35:15.2133333Z
405,王国松Learwwwlll,0.97079,2026-08-08T07:54:54.1866667Z
406,daidaidai4126dai,0.97079,2026-08-08T09:29:49.08Z
407,Aman Dubal,0.97077,2026-08-07T05:33:12.4566667Z
408,Taemyung Heo,0.97077,2026-08-19T14:37:59.67Z
409,RuiFSPinto,0.97077,2026-08-22T21:32:11.4433333Z
410,SYED FARHAN78 ,0.97077,2026-08-13T09:55:28.9266667Z
411,Chovy,0.97076,2026-08-15T06:56:08.7033333Z
412,ZiYiMing,0.97076,2026-08-22T16:05:03.74Z
413,Sujal Bist,0.97075,2026-08-13T08:00:04.2066667Z
414,Mizushima Toshihiko,0.97075,2026-08-21T08:37:34.7633333Z
415,ganbat24,0.97075,2026-08-06T13:18:33.29Z
416,tomasa2,0.97074,2026-08-22T11:55:48.5533333Z
417,kava1,0.97072,2026-08-22T08:49:53.9533333Z
418,Kyr1ll,0.97071,2026-08-21T12:54:46.7733333Z
419,Aren,0.97069,2026-08-03T21:56:47.7533333Z
420,Prakash Meher,0.97069,2026-08-12T09:48:59.96Z
421,Mohamed Amine Rebhi,0.97069,2026-08-03T22:12:57.37Z
422,Nicolai Johannesen 73,0.97069,2026-08-07T01:46:28.6666667Z
423,xianyu3,0.97068,2026-08-06T05:41:48.94Z
424,Ripon C. Malo,0.97068,2026-08-03T04:30:43.0766667Z
425,ahbab zahin,0.97068,2026-08-03T16:35:07.1333333Z
426,Sunix Liu,0.97068,2026-08-04T12:47:25.9866667Z
427,Caesar_yyh,0.97067,2026-08-03T16:19:42.7766667Z
428,Tsubasa_00,0.97067,2026-08-20T10:19:58.8633333Z
429,Szymon Nowacki,0.97066,2026-08-02T13:11:40.3266667Z
430,Chekhlov Dmitrii,0.97065,2026-08-03T13:30:42.35Z
431,TrinhDung16,0.97065,2026-08-22T11:01:17.58Z
432,Shantanu Chopra,0.97065,2026-08-10T17:26:34.8133333Z
433,Mohit Negi,0.97065,2026-08-14T04:01:37.6566667Z
434,dai2,0.97065,2026-08-03T14:13:20.9266667Z
435,Stop Scrolling,0.97064,2026-08-03T15:41:38.27Z
436,navazsh fathi,0.97064,2026-08-03T17:00:19.24Z
437,Mrsalty,0.97064,2026-08-03T14:16:44.0666667Z
438,cctr,0.97063,2026-08-04T07:23:26.3166667Z
439,hotaq,0.97063,2026-08-02T16:03:19.3266667Z
440,Sergey Belov,0.97063,2026-08-20T05:00:58.2933333Z
441,Hamza,0.97063,2026-08-22T18:35:20.17Z
442,WYSSR1225,0.97062,2026-08-02T14:13:24.2966667Z
443,louis @ tradeInsight.ai,0.97062,2026-08-06T20:32:01.97Z
444,Laksharma,0.97062,2026-08-06T20:10:07.0966667Z
445,WXYYYYY,0.97062,2026-08-08T06:38:24.39Z
446,unknown,0.97061,2026-08-03T01:02:46.71Z
447,luosukk,0.97061,2026-08-03T03:19:58.9766667Z
448,Ryan,0.97061,2026-08-03T04:25:37.39Z
449,Alpay Abbaszade,0.97061,2026-08-19T13:39:16.4133333Z
450,GCarnovale,0.97060,2026-08-13T01:45:13.9466667Z
451,Abhinay Krishna Bodi,0.97060,2026-08-06T20:11:28.32Z
452,Sohail Khan,0.97059,2026-08-02T12:09:39.67Z
453,Reda Mountassir,0.97059,2026-08-07T17:21:25.77Z
454,DarkMatterNet,0.97058,2026-08-22T05:36:56.3533333Z
455,Hafiz Atif Ali,0.97058,2026-08-19T20:26:38.0733333Z
456,Adnane,0.97057,2026-08-14T16:36:42.8566667Z
457,tom c tea,0.97057,2026-08-22T21:42:42.3466667Z
458,Barudak Skenempa,0.97056,2026-08-22T09:18:56.0333333Z
459,Celibistrial,0.97055,2026-08-18T12:27:45.48Z
460,Philipos64,0.97055,2026-08-13T13:13:37.08Z
461,protects-lab,0.97054,2026-08-12T07:07:21.4966667Z
462,daoviet,0.97053,2026-08-17T16:57:19.1866667Z
463,souju00,0.97053,2026-08-09T02:20:48.9833333Z
464,Gourab Roy,0.97053,2026-08-06T17:10:30.0133333Z
465,She didn't love me Back 💔,0.97052,2026-08-05T15:45:49.36Z
466,Wonderwall,0.97050,2026-08-22T07:11:23.9466667Z
467,Hamachi,0.97050,2026-08-20T11:00:40.6166667Z
468,Jieun Guu,0.97050,2026-08-11T02:30:32.7733333Z
469,chetocheese1821,0.97048,2026-08-16T04:01:15.2333333Z
470,池田拓耶,0.97047,2026-08-19T05:43:55.4733333Z
471,Yonju Kim,0.97046,2026-08-14T12:53:14.0466667Z
472,kakuteki,0.97045,2026-08-13T20:51:14.6433333Z
473,CaptainNemo,0.97045,2026-08-22T08:53:36.1366667Z
474,Ricky,0.97045,2026-08-21T02:11:52.3433333Z
475,Jacopo Dalmasso,0.97044,2026-08-18T20:26:35.6566667Z
476,Jerrist,0.97044,2026-08-22T15:22:46.9966667Z
477,manifest manifesst yapanzi,0.97044,2026-08-14T11:46:50.1166667Z
478,Maria Shatrova,0.97044,2026-08-11T16:36:04.26Z
479,Subaru486,0.97042,2026-08-17T12:42:36.7633333Z
480,artmak,0.97042,2026-08-17T23:54:59.5866667Z
481,rockyhg,0.97041,2026-08-22T21:21:53.8066667Z
482,Wu Kerui1006,0.97041,2026-08-18T05:03:59.84Z
483,cigdembal,0.97040,2026-08-22T20:21:53.3966667Z
484,Omar Mohamed,0.97039,2026-08-19T16:11:21.4233333Z
485,Mukesh Bhandarkar,0.97039,2026-08-19T05:58:54.9566667Z
486,Aditya Pachpande,0.97038,2026-08-12T19:24:16.7933333Z
487,psychoTKC,0.97038,2026-08-16T02:57:43.36Z
488,Latku_ram,0.97037,2026-08-12T19:45:02.4733333Z
489,HIKARU KOWATA,0.97036,2026-08-21T10:29:13.4433333Z
490,Dee Wythe,0.97036,2026-08-18T06:29:17.2Z
491,Mikhail Ignatenko,0.97035,2026-08-20T11:54:33.25Z
492,Jorgen9B,0.97034,2026-08-11T11:04:12.3266667Z
493,Kodai Fukuda,0.97034,2026-08-21T05:12:05.5833333Z
494,shankar lal,0.97032,2026-08-22T18:46:01.32Z
495,Abhimanyu Singh,0.97031,2026-08-21T15:18:14.8666667Z
496,YKuma,0.97030,2026-08-21T17:16:39.3866667Z
497,OPEN TO WORK,0.97029,2026-08-20T10:29:48.3533333Z
498,Koshtubh Singh Parihar,0.97027,2026-08-07T18:44:40.2033333Z
499,sakkn sakkn,0.97027,2026-08-18T13:58:14.39Z
500,Rapha,0.97026,2026-08-22T20:47:38.7333333Z
501,Timofey Kravchenko,0.97026,2026-08-18T12:59:52.0466667Z
502,Anurag Garg,0.97025,2026-08-19T11:52:50.29Z
503,Tys TANA,0.97025,2026-08-21T08:45:21.8Z
504,Talha Tursun,0.97025,2026-08-21T13:15:18.1933333Z
505,mana99,0.97024,2026-08-16T13:23:57.2133333Z
506,Shikha Bhushan,0.97023,2026-08-16T14:38:36.4666667Z
507,Adithya Giridharan,0.97022,2026-08-22T07:44:07.4633333Z
508,Thùy Thùy,0.97022,2026-08-21T15:13:14.5533333Z
509,hipotures,0.97020,2026-08-22T14:58:05.27Z
510,Chanho Lee,0.97020,2026-08-22T10:02:39.9866667Z
511,the Penguins,0.97019,2026-08-17T07:39:38.8366667Z
512,tani46,0.97018,2026-08-22T03:25:36.7566667Z
513,Nikhil R,0.97016,2026-08-18T02:02:16.5366667Z
514,José Freitas,0.97016,2026-08-19T07:26:15.32Z
515,A bojbn oln;n,0.97015,2026-08-09T14:52:41.9633333Z
516,ASEF KABIR,0.97015,2026-08-12T13:10:22.83Z
517,(ノ◡ <),0.97015,2026-08-18T12:54:50.79Z
518,Hairbel,0.97015,2026-08-18T07:25:40.3533333Z
519,Anshraj Gupta,0.97014,2026-08-15T07:23:12.91Z
520,Karl Kallavus,0.97013,2026-08-13T07:23:04.8666667Z
521,fryhat,0.97013,2026-08-22T14:14:00.8733333Z
522,Carmen Wang,0.97013,2026-08-17T01:01:23.58Z
523,Vyas,0.97013,2026-08-22T21:19:51.2733333Z
524,Manu Nicholas Jacob,0.97013,2026-08-07T23:56:39.3133333Z
525,W-Bruno,0.97012,2026-08-03T23:08:03.26Z
526,yalpha,0.97011,2026-08-12T12:15:49.1733333Z
527,RainQ Bangbangbang,0.97011,2026-08-22T15:31:32.36Z
528,Chiranjeev,0.97011,2026-08-22T17:32:19.32Z
529,Jarbas Camurça,0.97011,2026-08-18T22:58:52.2433333Z
530,AbdullahSafwan333,0.97010,2026-08-03T11:31:05.35Z
531,karin,0.97010,2026-08-22T14:03:41.59Z
532,Faris El hakim,0.97009,2026-08-20T14:10:30.89Z
533,kif,0.97008,2026-08-19T02:30:57.8466667Z
534,Oreb98,0.97008,2026-08-04T14:15:43.0833333Z
535,[Deleted] 8506f691-ce8f-4912-a263-db98b91d675a,0.97007,2026-08-11T07:52:40.4233333Z
536,Molly Kao,0.97007,2026-08-22T19:04:59.6133333Z
537,ts,0.97006,2026-08-02T07:45:25.1333333Z
538,Leonardo Cofone,0.97005,2026-08-02T13:03:21.53Z
539,Factual Explorer,0.97005,2026-08-21T01:44:43.23Z
540,Utomo Abimail,0.97005,2026-08-13T10:45:24.0233333Z
541,Maria Cioratanu,0.97005,2026-08-20T12:05:47.29Z
542,mirandora,0.97004,2026-08-16T11:20:00.6066667Z
543,Ole-Jakob,0.97003,2026-08-21T09:56:32.4133333Z
544,jjakimoto,0.97003,2026-08-05T07:14:34.7566667Z
545,oke gas,0.97002,2026-08-22T16:24:50.5733333Z
546,サポタン,0.97001,2026-08-22T15:47:22.3466667Z
547,Kensei Furuya,0.97001,2026-08-13T03:53:43.0533333Z
548,Magikarp,0.97001,2026-08-05T03:21:09.24Z
549,Toshifumi Komiya,0.96999,2026-08-22T16:46:13.4166667Z
550,SZU蓝心,0.96998,2026-08-20T13:37:01.6566667Z
551,mitamaru,0.96997,2026-08-17T14:58:35.2266667Z
552,Christoffer Thimsen,0.96996,2026-08-21T09:23:57.5233333Z
553,Seungjin Kim,0.96995,2026-08-04T08:12:01.9466667Z
554,LearningNN,0.96995,2026-08-19T00:57:37.7866667Z
555,Juan Vazquez,0.96995,2026-08-22T04:04:07.7833333Z
556,EOM JAEHYEOK,0.96995,2026-08-10T21:42:50.1433333Z
557,후라이드닭튀김,0.96995,2026-08-11T00:03:32.8733333Z
558,Sophia Jiyoung Chung,0.96995,2026-08-11T00:26:35.77Z
559,jaehyeokEom,0.96995,2026-08-11T05:58:19.8733333Z
560,YuAn,0.96993,2026-08-10T06:18:41.1033333Z
561,Nikitas Rafael Nikitas,0.96993,2026-08-17T03:01:43.6133333Z
562,Sebastian Carreras,0.96993,2026-08-21T14:17:11.5033333Z
563,Pansheng Chen,0.96993,2026-08-13T09:10:44.7966667Z
564,Lancelot foreman,0.96992,2026-08-06T01:36:11.72Z
565,Yashwanth Kumar Kotla,0.96992,2026-08-22T17:45:05.44Z
566,Psi,0.96991,2026-08-19T14:22:06.4466667Z
567,kimhongjoong,0.96991,2026-08-11T05:13:26.87Z
568,JasonL,0.96990,2026-08-22T17:32:10.0566667Z
569,Gourav Saha,0.96990,2026-08-22T14:44:44.2233333Z
570,Vishwa,0.96990,2026-08-22T07:41:45.8366667Z
571,Hagepiyo,0.96990,2026-08-22T17:30:52.04Z
572,ANURAGDolui,0.96990,2026-08-18T10:42:33.4933333Z
573,tohud,0.96990,2026-08-13T12:34:44.0433333Z
574,Den Pugovkin,0.96990,2026-08-03T20:29:32.53Z
575,Gerald Schwartz,0.96989,2026-08-19T23:47:41.0633333Z
576,Павел Филиппенко,0.96989,2026-08-19T17:52:52.6033333Z
577,SergeyN1942,0.96988,2026-08-13T13:40:00.7Z
578,Akiyoshi Kinoshita,0.96988,2026-08-21T08:18:56.7366667Z
579,Matthew Knyazev,0.96987,2026-08-18T13:32:17.9Z
580,Pavel Ryabov,0.96987,2026-08-16T18:04:03.04Z
581,minsookim,0.96987,2026-08-11T06:30:32.65Z
582,monnosuke,0.96987,2026-08-20T14:21:24.0066667Z
583,Ahmet Kağan Koral,0.96987,2026-08-11T20:56:19.2633333Z
584,Luis Zhang,0.96985,2026-08-12T04:35:58.5433333Z
585,ML learner,0.96985,2026-08-18T17:31:20.78Z
586,Yanwen Wang,0.96985,2026-08-17T13:31:24.5Z
587,3as6Bl,0.96985,2026-08-22T09:16:43.1966667Z
588,Galaxantic,0.96984,2026-08-14T13:19:42.6133333Z
589,chlee85,0.96984,2026-08-18T20:38:38.7466667Z
590,Arnie Jimenez,0.96983,2026-08-22T18:42:55.2966667Z
591,Pravin Takpire,0.96983,2026-08-19T07:41:20.3Z
592,nikolaou nikolaou,0.96983,2026-08-05T17:32:38.06Z
593,st yang12,0.96983,2026-08-18T15:09:54.7Z
594,Asterios Terzis,0.96982,2026-08-14T14:11:40.57Z
595,Praneeth Paikray,0.96982,2026-08-22T21:40:23.45Z
596,KDTD,0.96982,2026-08-17T05:34:46.3966667Z
597,Hargun Sandhu,0.96982,2026-08-22T15:01:14.8833333Z
598,Forensic.nc,0.96982,2026-08-12T09:57:23.5166667Z
599,Atsushi Yoshikawa,0.96982,2026-08-20T08:42:36.0833333Z
600,Vmax,0.96981,2026-08-18T15:28:05.87Z
601,Xiluii,0.96981,2026-08-18T12:39:21.36Z
602,SDA000,0.96981,2026-08-14T14:14:50.3466667Z
603,Ye,0.96979,2026-08-20T16:26:09.71Z
604,Evdilos_Ikaria,0.96979,2026-08-16T11:11:09.99Z
605,Jared Floersch,0.96978,2026-08-21T13:37:29.9066667Z
606,RZ Lu,0.96978,2026-08-20T07:08:32.28Z
607,kyg0220,0.96978,2026-08-12T00:03:15.34Z
608,Haojun Chen123,0.96978,2026-08-09T09:48:15.84Z
609,datatuu,0.96977,2026-08-18T01:23:34.26Z
610,Nononoi,0.96976,2026-08-20T07:41:07.28Z
611,jngchan,0.96976,2026-08-09T11:28:15.39Z
612,Дворкин Евгений Владимирович,0.96976,2026-08-22T11:35:13.9333333Z
613,PeterGrundell,0.96976,2026-08-22T06:10:36.35Z
614,watarukaggle,0.96976,2026-08-18T19:11:47.3766667Z
615,Nicolò Alberti,0.96976,2026-08-21T11:38:39.1833333Z
616,sswatari,0.96975,2026-08-22T08:29:20.11Z
617,zlka,0.96975,2026-08-01T09:04:27.48Z
618,Komil Parmar,0.96974,2026-08-18T15:23:13.1433333Z
619,Bogdan Doicin,0.96974,2026-08-18T05:30:19.4633333Z
620,BitlevRobert,0.96973,2026-08-16T11:28:52.28Z
621,AHNHOJEONG,0.96973,2026-08-10T05:57:32.49Z
622,Sarthak Tyagi,0.96973,2026-08-14T16:41:35.48Z
623,yoshiomi shimazu,0.96970,2026-08-22T13:13:04.39Z
624,SonOfHector,0.96969,2026-08-13T22:52:17.9333333Z
625,Lzw1110,0.96968,2026-08-08T10:29:44.0233333Z
626,平野竜貴,0.96968,2026-08-21T00:05:25.84Z
627,クリスチャン・デムーロ,0.96968,2026-08-06T12:07:42.2233333Z
628,Comunidad Ninja,0.96968,2026-08-16T14:12:24.6466667Z
629,BLANDCorporatio,0.96967,2026-08-20T06:54:37.4066667Z
630,MIYINKS,0.96967,2026-08-18T17:27:46.4666667Z
631,Luka Duvanov,0.96966,2026-08-20T17:25:20.4466667Z
632,assbreaker0607,0.96965,2026-08-19T08:22:50.4266667Z
633,HungTing,0.96965,2026-08-11T12:37:46.9233333Z
634,deepak bahuguna,0.96964,2026-08-20T04:21:15.4966667Z
635,Sergey Qt2024,0.96964,2026-08-21T19:40:29.79Z
636,Paul Shelby,0.96963,2026-08-11T15:48:37.3933333Z
637,Utkarsh Anand,0.96963,2026-08-11T09:41:32.39Z
638,David Cohen ,0.96963,2026-08-10T15:43:30.7266667Z
639,Pinkbanane,0.96962,2026-08-22T15:29:00.8066667Z
640,Akash Pattani,0.96962,2026-08-22T15:29:23.46Z
641,PX0000,0.96962,2026-08-16T01:35:20.7433333Z
642,Raphdraft,0.96961,2026-08-18T10:22:51.6133333Z
643,Ryo.s,0.96959,2026-08-15T09:02:08.7333333Z
644,TBRTRL,0.96959,2026-08-22T13:27:03.6Z
645,mithul chander,0.96958,2026-08-10T08:03:02.1133333Z
646,ethan.ai,0.96958,2026-08-12T23:25:41.4466667Z
647,Ern711,0.96958,2026-08-22T16:15:54.5933333Z
648,Shenghan,0.96958,2026-08-20T14:11:36.1666667Z
649,Chaman Agrawal,0.96958,2026-08-22T09:41:21.8366667Z
650,Georgios Nikolitsis,0.96956,2026-08-15T17:51:37.9333333Z
651,arnavgoel26,0.96956,2026-08-14T20:07:16.8133333Z
652,nkmr,0.96956,2026-08-18T21:55:33.6133333Z
653,Abubakar Idrees,0.96956,2026-08-11T16:57:19.61Z
654,LINKIT,0.96955,2026-08-06T15:19:39.61Z
655,zengzhaohua,0.96954,2026-08-18T00:35:14.04Z
656,there,0.96953,2026-08-06T05:12:26.8633333Z
657,Jaideep726,0.96951,2026-08-22T12:46:55.6433333Z
658,Oana-Elena Barbu,0.96950,2026-08-22T05:14:15.55Z
659,JYShane,0.96949,2026-08-16T11:08:19.9233333Z
660,sokoranohimazin,0.96949,2026-08-15T12:34:14.6466667Z
661,symmys,0.96948,2026-08-19T06:41:00.0333333Z
662,kito_pl,0.96947,2026-08-22T12:23:12.9933333Z
663,mayukistarry,0.96947,2026-08-16T00:15:24.87Z
664,AbdelrahmanNagah,0.96946,2026-08-22T20:48:22.9933333Z
665,ENG NAGAH,0.96946,2026-08-22T20:53:21.87Z
666,Alfred,0.96946,2026-08-13T15:15:46.8033333Z
667,Ruslan Prashchurovich,0.96944,2026-08-16T21:02:11.0133333Z
668,riicon,0.96944,2026-08-21T15:26:13.9033333Z
669,Ali Azizi,0.96943,2026-08-21T08:26:34.1766667Z
670,Daniel LPD,0.96942,2026-08-22T06:04:38.9566667Z
671,大谷悠斗,0.96941,2026-08-12T01:08:01.64Z
672,Wen003,0.96940,2026-08-14T21:08:07.7666667Z
673,Chloevan,0.96940,2026-08-10T02:38:29.2366667Z
674,Alejandro Vivero,0.96939,2026-08-13T18:16:28.5033333Z
675,Carlos Perea,0.96938,2026-08-18T14:59:50.96Z
676,Jiefu Zhou,0.96938,2026-08-14T05:27:33.29Z
677,LAdham,0.96937,2026-08-18T15:59:38.43Z
678,Varun Purushothaman,0.96937,2026-08-10T17:42:13.64Z
679,Sami Aden,0.96936,2026-08-08T08:39:04.8233333Z
680,ynrasr,0.96936,2026-08-13T11:29:04.0933333Z
681,coolcat,0.96936,2026-08-16T03:00:09.6566667Z
682,Michael Nguyen,0.96935,2026-08-11T03:21:00.6666667Z
683,Vikram Tiwari,0.96933,2026-08-19T16:08:04.39Z
684,SIDHAARTH SHREE,0.96932,2026-08-19T23:08:24.1633333Z
685,AnRyisReal,0.96932,2026-08-14T00:12:49.81Z
686,Rob Schieber,0.96932,2026-08-05T01:46:18.7233333Z
687,SOSyuki,0.96931,2026-08-09T15:12:18.2166667Z
688,Ankit Bari,0.96931,2026-08-18T02:24:39.9533333Z
689,Water ground,0.96927,2026-08-22T14:15:03.69Z
690,really?,0.96927,2026-08-21T11:43:55.6633333Z
691,Patrick CHER,0.96926,2026-08-22T11:04:34.1433333Z
692,mmasato,0.96926,2026-08-05T13:07:55.0133333Z
693,Nikhil Krishna A,0.96925,2026-08-22T19:33:14.2733333Z
694,Thiago Yoris,0.96924,2026-08-16T02:22:56.53Z
695,Emre Bektas,0.96924,2026-08-03T07:22:07.7666667Z
696,Alexander683,0.96923,2026-08-12T10:17:04.9566667Z
697,James,0.96923,2026-08-06T14:19:41.7633333Z
698,cshara,0.96922,2026-08-20T10:19:00.7466667Z
699,AndyL,0.96920,2026-08-22T17:21:07.77Z
700,Touhidul Alam Seyam,0.96919,2026-08-01T07:45:23.8466667Z
701,Sarim Javed,0.96919,2026-08-17T13:00:19.4733333Z
702,Taro Sakaguchi,0.96919,2026-08-21T03:12:28.9533333Z
703,yngd99,0.96918,2026-08-18T12:34:35.3566667Z
704,kenchanhodgkin,0.96918,2026-08-22T07:17:19.57Z
705,kiwong jung,0.96917,2026-08-10T05:58:12.1766667Z
706,sshh,0.96916,2026-08-10T23:36:07.1066667Z
707,JeonJeonghui,0.96916,2026-08-10T13:25:47.1966667Z
708,Lee14k,0.96916,2026-08-17T06:33:35.7833333Z
709,Abhinav Neelam,0.96915,2026-08-21T08:04:42.3166667Z
710,Raccoon2,0.96914,2026-08-12T18:22:25.7833333Z
711,Yueyang Wang,0.96914,2026-08-05T03:26:38.49Z
712,Xu Suyi,0.96914,2026-08-14T04:40:37.7833333Z
713,oliver,0.96913,2026-08-21T22:12:12.01Z
714,henri66,0.96912,2026-08-15T22:35:35.1866667Z
715,Yamin Hossain,0.96912,2026-08-17T04:49:52.05Z
716,Suyeon Noh,0.96910,2026-08-10T23:30:56.79Z
717,Devanshk09,0.96904,2026-08-20T11:58:01.7366667Z
718,sunhee back,0.96903,2026-08-10T23:33:30.6266667Z
719,Oussama Khaldi,0.96901,2026-08-19T19:31:34.64Z
720,Olena Gaponenko,0.96900,2026-08-14T08:38:50.56Z
721,Hiroko Tsuchida,0.96900,2026-08-22T15:49:26.3166667Z
722,A_ladd_insane_Pirrip,0.96899,2026-08-16T02:47:33.99Z
723,SOUSSOU Koffi Désiré,0.96898,2026-08-02T01:36:17.1533333Z
724,kouchan,0.96898,2026-08-16T05:56:06.7166667Z
725,Samuel Patton,0.96898,2026-08-12T23:31:13.4566667Z
726,Jinnie Yoon,0.96894,2026-08-11T04:22:39.0233333Z
727,CJ ROCKBALL,0.96894,2026-08-15T11:17:24.3233333Z
728,marine jang,0.96894,2026-08-10T06:42:13.79Z
729,thymeprn,0.96894,2026-08-19T17:29:27.1533333Z
730,Zakir Khan,0.96893,2026-08-22T07:09:13.8633333Z
731,L.E.Electron,0.96893,2026-08-13T11:55:27.8033333Z
732,Yilan Zhu,0.96893,2026-08-02T10:59:28.99Z
733,NatSwamin,0.96892,2026-08-19T21:53:48.2333333Z
734,NAWAZ SHARIF,0.96892,2026-08-03T09:38:55.1733333Z
735,Reman Dey,0.96891,2026-08-12T11:05:52.65Z
736,MomotokD,0.96889,2026-08-18T12:27:56.7Z
737,Oğuzhan Özdemir,0.96889,2026-08-15T20:39:18.27Z
738,PavelLiashkov,0.96888,2026-08-02T08:29:06.79Z
739,Wang Yayan,0.96887,2026-08-07T03:22:24.81Z
740,Ciobanu Robert Andrei,0.96886,2026-08-21T21:45:19.4166667Z
741,Trish Cornelissen,0.96884,2026-08-19T13:51:23.76Z
742,Shubham Tibrewal,0.96884,2026-08-22T18:35:50.1766667Z
743,KAIYU FENG,0.96882,2026-08-12T07:00:22.4933333Z
744,jyama,0.96880,2026-08-21T07:06:23.46Z
745,Hemingweb,0.96878,2026-08-19T17:38:52.4466667Z
746,M. Syahrindra,0.96878,2026-08-22T15:00:21.2566667Z
747,Saiyma Sarmin,0.96877,2026-08-22T01:18:57.3466667Z
748,yuuta ozeki,0.96877,2026-08-19T00:47:15.4566667Z
749,kobby_,0.96876,2026-08-18T09:29:14.4866667Z
750,Yoshitomo AI,0.96874,2026-08-22T06:10:28.6933333Z
751,luicaru,0.96874,2026-08-22T15:28:41.06Z
752,sonnarae,0.96873,2026-08-10T10:05:05.81Z
753,ahmed hossam,0.96873,2026-08-16T11:25:22.08Z
754,Azamat Sadikov,0.96872,2026-08-14T18:33:12.0166667Z
755,shige,0.96871,2026-08-17T22:32:42.2366667Z
756,VINEET LAXMAN MALLARAP,0.96871,2026-08-18T04:34:57.8166667Z
757,anubh09,0.96870,2026-08-18T17:47:07.7733333Z
758,Yuandong Xu,0.96869,2026-08-13T11:46:51.1433333Z
759,Mohamed Youssef,0.96869,2026-08-09T21:58:38.6333333Z
760,MADX,0.96868,2026-08-16T14:28:49.8833333Z
761,Gnach Deraj,0.96863,2026-08-22T16:11:07.8866667Z
762,cinnamon melon pig,0.96863,2026-08-13T15:47:51.0666667Z
763,la viva la desire,0.96863,2026-08-18T12:03:43.6066667Z
764,Komarov Andrew,0.96862,2026-08-18T21:14:51.45Z
765,Ahmed Adel7777,0.96861,2026-08-18T13:49:43.4733333Z
766,Shingo,0.96860,2026-08-20T03:57:58.0333333Z
767,Leo Torres,0.96859,2026-08-13T03:38:10.5766667Z
768,Ryuji_tech,0.96857,2026-08-18T08:49:23.6033333Z
769,Юрий,0.96857,2026-08-17T11:42:13.91Z
770,Manuel Burki,0.96857,2026-08-15T05:06:54.9466667Z
771,SD,0.96857,2026-08-13T15:40:55.7833333Z
772,Manuel Santiago Atencio,0.96856,2026-08-19T23:52:13.86Z
773,Bhanu Pratap Singh,0.96856,2026-08-08T17:05:49.6933333Z
774,Etsushi Yamamoto,0.96856,2026-08-03T15:28:32.6333333Z
775,sasadai,0.96855,2026-08-17T10:24:01.5266667Z
776,Jack Palmer,0.96855,2026-08-16T14:04:37.9033333Z
777,Dinesh.N,0.96855,2026-08-10T17:10:57.9966667Z
778,Abdo Elries,0.96852,2026-08-18T15:17:33.86Z
779,Prabhat Agnihotri,0.96850,2026-08-21T12:14:59.69Z
780,Aleksandr Ulianin,0.96846,2026-08-06T21:49:08.1066667Z
781,Akmal Yaasir Fauzaan,0.96845,2026-08-15T07:50:20.6666667Z
782,park,0.96845,2026-08-11T04:50:54.6166667Z
783,Aniket Bandgar,0.96845,2026-08-15T15:07:09.8766667Z
784,Pranali Shivaji Gadade,0.96845,2026-08-14T11:29:01.5833333Z
785,Sandesh1813,0.96845,2026-08-17T10:15:08.78Z
786,DynamicDuo,0.96845,2026-08-18T16:51:10.9866667Z
787,parth076,0.96845,2026-08-20T06:49:40.7366667Z
788,EBN MASER,0.96844,2026-08-17T16:07:45.67Z
789,Kieran Moffat,0.96843,2026-08-22T11:14:37.8533333Z
790,NoOneAhead,0.96842,2026-08-01T17:30:35.39Z
791,Mubashir Ul Hassan,0.96840,2026-08-12T01:09:18.0533333Z
792,yunheekimm,0.96840,2026-08-10T11:48:30.1966667Z
793,as Rd see the uhh fs the,0.96836,2026-08-21T19:48:57.0933333Z
794,Hugues Bousquet,0.96836,2026-08-11T16:50:48.4066667Z
795,Nathaniel DeMoro,0.96836,2026-08-22T17:56:51.3933333Z
796,mutsumi,0.96834,2026-08-15T07:42:10.9766667Z
797,GG FOR ALL,0.96834,2026-08-22T15:32:50.39Z
798,Otchym Grazny,0.96833,2026-08-21T17:43:47.24Z
799,alex chilton,0.96831,2026-08-18T21:29:51.8166667Z
800,Lu Mingming,0.96828,2026-08-08T23:40:11.65Z
801,masterlincs,0.96825,2026-08-09T19:21:20.9566667Z
802,Justine Lopez,0.96824,2026-08-14T13:52:02.7133333Z
803,Sergei Lepitko,0.96821,2026-08-22T19:55:41.37Z
804,bankrupted,0.96819,2026-08-16T14:31:10.5066667Z
805,Toshiki Honda,0.96818,2026-08-22T13:07:03.3933333Z
806,Patrice MAZEL,0.96817,2026-08-21T11:09:30.2066667Z
807,Nirmal Patel,0.96816,2026-08-03T17:41:59.4466667Z
808,Brendon Wang,0.96813,2026-08-16T16:52:56.28Z
809,dragoshh1984,0.96812,2026-08-03T19:35:28.9266667Z
810,SARANG,0.96812,2026-08-20T18:01:40.8466667Z
811,Andre Endress,0.96810,2026-08-18T17:54:53.5033333Z
812,Baseer Shah,0.96809,2026-08-05T20:08:12.5933333Z
813,kavvyashre v,0.96809,2026-08-06T22:05:04.0033333Z
814,nakayoshiver1,0.96808,2026-08-22T09:37:11.7133333Z
815,Mark Cooper,0.96808,2026-08-18T00:01:59.7666667Z
816,Semen,0.96807,2026-08-22T01:26:09.1266667Z
817,SunaoCool,0.96806,2026-08-20T05:39:50.67Z
818,Varun Gupta,0.96806,2026-08-22T19:48:01.3466667Z
819,Sudhir Sharma,0.96806,2026-08-09T19:47:40.0266667Z
820,久原祐輝,0.96805,2026-08-16T03:14:38.08Z
821,Wakabourne,0.96804,2026-08-15T06:02:46.2733333Z
822,Sunshien-1023,0.96803,2026-08-16T04:04:39.07Z
823,Sarvesh Nikas,0.96803,2026-08-13T06:49:24.5666667Z
824,Raman Singh,0.96800,2026-08-22T20:58:07.39Z
825,Aidan Furlong,0.96800,2026-08-15T18:47:39.04Z
826,XuHaoRan1233,0.96799,2026-08-10T20:50:21.62Z
827,DaniilSnegurov,0.96797,2026-08-01T20:13:45.1966667Z
828,Jeffery Mei,0.96797,2026-08-19T05:12:07.6733333Z
829,Gaurav Dutta,0.96796,2026-08-16T06:48:25.8033333Z
830,Shailesh,0.96794,2026-08-21T08:14:27.85Z
831,Maksym Tkachenko,0.96794,2026-08-17T17:18:00.1066667Z
832,Mark Conrad,0.96794,2026-08-22T01:38:40.1933333Z
833,绯色月下,0.96792,2026-08-16T02:19:33.5366667Z
834,Qudsiya Siddique,0.96791,2026-08-17T17:16:43.13Z
835,GurSimran,0.96791,2026-08-19T13:01:45.62Z
836,Sreekaran Reddy1704,0.96790,2026-08-07T13:03:03.6766667Z
837,Amarjeet Singh,0.96787,2026-08-22T14:13:03.5466667Z
838,dukka,0.96787,2026-08-16T23:25:28.48Z
839,harwinder_singh_766,0.96787,2026-08-07T19:28:58.7033333Z
840,kazkod,0.96781,2026-08-15T11:32:25.2233333Z
841,Junyeong Ahn,0.96780,2026-08-03T20:24:42.16Z
842,Jesús Sevilla Pérez,0.96780,2026-08-20T08:17:59.66Z
843,hero from zero,0.96779,2026-08-17T21:32:54.4933333Z
844,Behiye Bedir,0.96776,2026-08-20T15:26:44.4Z
845,Javier Agnir,0.96776,2026-08-19T09:51:18.56Z
846,Sri Datta Yaddanapudi,0.96776,2026-08-08T19:29:11.23Z
847,miyu.k1aras@gmail.com,0.96774,2026-08-22T08:53:16.7666667Z
848,Waihei Yuk,0.96771,2026-08-21T09:50:38.7566667Z
849,Phoneix Algorithms,0.96770,2026-08-15T13:06:33.6366667Z
850,Tigerpiotta,0.96768,2026-08-21T08:51:11.07Z
851,Gabriele Santoro,0.96767,2026-08-16T20:42:16.27Z
852,Uedaaya,0.96766,2026-08-17T10:10:11.1633333Z
853,Anuj Saha,0.96766,2026-08-08T21:41:33.77Z
854,glock48,0.96764,2026-08-02T22:10:42.7766667Z
855,cocohuangke,0.96763,2026-08-19T16:25:02.1366667Z
856,PRERANA MADAVI,0.96762,2026-08-18T04:34:21.5933333Z
857,Yu,0.96762,2026-08-18T02:59:00.16Z
858,JeovaAnderson,0.96761,2026-08-07T07:29:36.8133333Z
859,Alex Bissacco,0.96761,2026-08-10T20:56:11.5533333Z
860,Laksika Tharmalingam,0.96761,2026-08-01T07:23:18.59Z
861,Jayant Parashar,0.96761,2026-08-05T17:57:05.7833333Z
862,Ahmed Elkasy,0.96760,2026-08-21T07:39:04.5933333Z
863,Vladimir Demidov,0.96758,2026-08-11T22:04:44.9533333Z
864,Goyomatsu,0.96758,2026-08-18T14:07:18.91Z
865,igtheflash,0.96756,2026-08-16T11:30:58.51Z
866,lighth,0.96750,2026-08-03T03:41:05.45Z
867,SamSV,0.96749,2026-08-21T08:21:02.87Z
868,Jakub Cabala,0.96743,2026-08-10T18:34:14.6533333Z
869,Async,0.96741,2026-08-22T15:05:20.7533333Z
870,Sirui Zheng452,0.96740,2026-08-10T18:56:47.9633333Z
871,Yuriii12345,0.96740,2026-08-20T12:49:08.5033333Z
872,A Aswanth Raj,0.96737,2026-08-02T12:56:37.28Z
873,Oscar Yáñez Feijóo,0.96737,2026-08-16T07:56:51.85Z
874,Dinh Bao Binh Tran,0.96736,2026-08-07T14:49:11.1766667Z
875,Haozhe Wang 2022,0.96736,2026-08-10T02:58:05.4566667Z
876,SYED HANZALA ALI SHAH,0.96735,2026-08-10T18:39:54.1266667Z
877,Cadb3rry,0.96735,2026-08-18T14:53:17.1266667Z
878,Grzegorz Zawadzki,0.96734,2026-08-08T20:32:59.2133333Z
879,Arun Gyawali,0.96733,2026-08-21T19:41:25.6133333Z
880,SkibidiUzbek,0.96728,2026-08-20T18:54:22.91Z
881,Aditya Raj Singh,0.96725,2026-08-18T19:51:00.2733333Z
882,Bilkenters,0.96725,2026-08-20T17:22:57.4633333Z
883,dimitrios tsiakoulias,0.96725,2026-08-13T02:26:36.2633333Z
884,松田啓太,0.96724,2026-08-21T10:05:20.16Z
885,Marwan_Mostafa,0.96724,2026-08-19T16:29:04.41Z
886,Jonok Sharma,0.96724,2026-08-05T09:53:54.6133333Z
887,Akshara Akshi,0.96720,2026-08-03T19:49:26.7733333Z
888,AIsummer2026,0.96719,2026-08-16T14:17:03.5866667Z
889,C4rl05/V,0.96719,2026-08-15T00:30:21.6366667Z
890,keita exe,0.96718,2026-08-05T05:43:45.0333333Z
891,Назар Коваль,0.96718,2026-08-22T06:44:53.98Z
892,Luca Lullo,0.96717,2026-08-10T19:50:03.15Z
893,Misbah Fatima,0.96715,2026-08-17T19:12:25.68Z
894,Herohito,0.96715,2026-08-17T19:57:21.8366667Z
895,Wei Hsiang Lin111,0.96712,2026-08-06T09:14:45.73Z
896,Fernando Rodrigues,0.96711,2026-08-20T14:29:26.07Z
897,Alexdruso,0.96711,2026-08-15T13:22:02.3533333Z
898,Akahachi,0.96711,2026-08-16T08:51:51.3866667Z
899,JiéHuángSoDope,0.96711,2026-08-06T06:31:05.0633333Z
900,QiYian,0.96711,2026-08-02T15:15:49.7033333Z
901,Yang Tanxin(Artemis),0.96710,2026-08-17T05:25:51.9833333Z
902,Satyam Kumar0725,0.96710,2026-08-15T05:39:14.2333333Z
903,Saad Furquan,0.96707,2026-08-18T16:21:32.04Z
904,Ömer Faruk Tekin,0.96707,2026-08-13T16:26:44.0866667Z
905,Sanket Kharche,0.96707,2026-08-20T16:34:13.6933333Z
906,Kapil,0.96706,2026-08-19T13:50:57.6066667Z
907,Md.Tayyab,0.96706,2026-08-18T15:00:25.7066667Z
908,Nursultan Koshekbaev,0.96706,2026-08-06T13:41:08.7133333Z
909,Святослав Проців,0.96705,2026-08-17T12:46:59.2033333Z
910,Egunuraka,0.96704,2026-08-19T11:47:43.8233333Z
911,casati8,0.96703,2026-08-22T13:04:41.4633333Z
912,CherylStoned,0.96703,2026-08-08T12:35:56.8633333Z
913,Vultur Stefana,0.96699,2026-08-22T00:31:45.3966667Z
914,deepankur lohiya,0.96698,2026-08-08T23:40:58.5533333Z
915,Shashank reddy,0.96697,2026-08-12T08:41:49.3733333Z
916,shark++,0.96695,2026-08-20T13:38:15.49Z
917,cr4bbz,0.96695,2026-08-15T21:26:53Z
918,T T‗Worker,0.96694,2026-08-22T11:17:27.32Z
919,Benedictus Ryu Gunawan,0.96694,2026-08-13T13:44:10.3Z
920,mxt1022,0.96692,2026-08-07T08:36:11.3533333Z
921,Samvel Serobyan,0.96692,2026-08-03T10:04:51.6266667Z
922,BOUSSEBATA ISSAM,0.96692,2026-08-07T22:50:19.7Z
923,Pranav Uniyal,0.96692,2026-08-13T08:49:06.1066667Z
924,Pig30nidaE,0.96691,2026-08-06T07:50:04.77Z
925,kntnkm,0.96687,2026-08-02T23:31:08.09Z
926,Vitalii Novikov,0.96687,2026-08-14T08:15:43.05Z
927,Amir hosein Shabani,0.96685,2026-08-19T00:04:24.15Z
928,Donald Galliano III,0.96685,2026-08-14T03:24:52.0333333Z
929,Prithvi Bansal,0.96684,2026-08-17T04:53:16.7366667Z
930,Brice Piaple,0.96683,2026-08-09T20:43:01.9766667Z
931,arnav chaturvedi123,0.96680,2026-08-11T14:47:37.19Z
932,Ryan Altic,0.96679,2026-08-04T03:40:01.54Z
933,torrreeesss,0.96678,2026-08-04T21:41:34.74Z
934,GEORGE DOUKAS,0.96677,2026-08-16T18:29:52.3733333Z
935,Muhammad Faheem,0.96676,2026-08-07T10:32:14.62Z
936,Sarthak #2,0.96675,2026-08-14T13:03:18.0433333Z
937,Gaurav kumar,0.96672,2026-08-14T01:22:50.4933333Z
938,Avinash maurya,0.96672,2026-08-17T22:46:08.9266667Z
939,Wafa ALDALBAHI,0.96671,2026-08-13T03:46:37.22Z
940,butlerc9,0.96669,2026-08-16T21:34:32.8366667Z
941,Tris05,0.96669,2026-08-16T17:02:28.5933333Z
942,jesusvivo,0.96668,2026-08-01T16:20:30.1833333Z
943,Kshitij,0.96667,2026-08-15T08:37:53.4733333Z
944,dancacy,0.96667,2026-08-22T18:42:52.7333333Z
945,PersonName54,0.96666,2026-08-10T18:41:06.7533333Z
946,llorenzo,0.96666,2026-08-21T15:28:50.81Z
947,Krishanki ,0.96665,2026-08-19T14:28:06.3Z
948,wesley,0.96664,2026-08-09T09:13:38.98Z
949,Max,0.96664,2026-08-15T20:28:15.8566667Z
950,Yasmine Laajailia,0.96661,2026-08-02T16:16:36.9866667Z
951,rahfar,0.96661,2026-08-17T20:44:24.01Z
952,Abhishek Anand,0.96661,2026-08-20T06:10:52.7833333Z
953,Sarthak Sharma #2,0.96661,2026-08-17T20:51:34.0433333Z
954,Julien Heiduk,0.96660,2026-08-22T10:27:30.0733333Z
955,Emilia_ZET,0.96660,2026-08-21T14:35:34.57Z
956,Reda HEDDAD,0.96660,2026-08-21T17:33:49.1566667Z
957,Gravity,0.96657,2026-08-21T16:37:09.28Z
958,Baha Enes Ören,0.96657,2026-08-04T13:09:53.1533333Z
959,Nguyen Binh Ho,0.96657,2026-08-20T02:29:03.93Z
960,RudraSingh0001,0.96657,2026-08-11T16:25:50.6733333Z
961,Alikhan Gavrilov,0.96656,2026-08-21T13:05:22.77Z
962,Xinyi Cai,0.96655,2026-08-16T12:48:53.0433333Z
963,Nishant Kumar,0.96655,2026-08-09T11:11:03.34Z
964,T_Techno,0.96654,2026-08-22T20:17:50.2066667Z
965,David Guzzi,0.96654,2026-08-17T23:56:17.4333333Z
966,resolution time,0.96653,2026-08-13T05:24:30.44Z
967,imjamj01,0.96652,2026-08-14T05:30:09.3566667Z
968,Abiram Bharathi S.A,0.96652,2026-08-06T04:43:43.24Z
969,stxrs7,0.96651,2026-08-11T19:51:34.62Z
970,Alfandi Hassan,0.96650,2026-08-03T14:28:26.1333333Z
971,SHUBH SETH,0.96650,2026-08-20T11:15:29.6566667Z
972,dengyufei,0.96649,2026-08-16T13:49:56.8166667Z
973,perry,0.96649,2026-08-15T16:10:03.06Z
974,GregH,0.96649,2026-08-21T14:37:45.72Z
975,Galvin Prime,0.96649,2026-08-22T15:57:32.95Z
976,mochi0601,0.96648,2026-08-19T18:46:26.7866667Z
977,Mohammad Elsayed,0.96648,2026-08-01T23:16:26.24Z
978,Mikey-TraceGod,0.96648,2026-08-02T12:16:58.2333333Z
979,Koki ANDO,0.96647,2026-08-13T04:53:06.3233333Z
980,Moujoudix,0.96647,2026-08-17T21:51:02.4733333Z
981,teddyoweh,0.96647,2026-08-12T20:48:31.1Z
982,Ivan1625,0.96647,2026-08-10T03:13:18.48Z
983,Avrs,0.96646,2026-08-15T14:44:49.9233333Z
984,Shanks,0.96646,2026-08-16T09:29:40.9466667Z
985,vvqqpptt,0.96646,2026-08-02T00:09:47.89Z
986,Sonali Duvesh,0.96646,2026-08-22T01:35:20.5433333Z
987,sooflee,0.96646,2026-08-13T09:01:39.7633333Z
988,Team Hynixplz,0.96645,2026-08-14T21:33:07.8033333Z
989,[Deleted] 2fdef872-015d-4130-b40b-ff8f5ed2e04e,0.96645,2026-08-10T13:05:03.28Z
990,MattRP,0.96645,2026-08-17T18:40:45.3033333Z
991,Pius Ajamma,0.96645,2026-08-04T15:30:33.3466667Z
992,Md-Ali-Azad,0.96645,2026-08-15T22:58:34.57Z
993,Sreejit Pradhan,0.96644,2026-08-22T04:32:19.8833333Z
994,S Aishvarya,0.96644,2026-08-09T07:15:10.6333333Z
995,Ryan Lence,0.96644,2026-08-05T20:35:42.7866667Z
996,ِAli Barakat,0.96643,2026-08-08T16:15:59.25Z
997,computersoul,0.96643,2026-08-22T03:00:03.5666667Z
998,Eren Demirtaş,0.96643,2026-08-06T15:29:54.58Z
999,Papa Annan,0.96643,2026-08-10T15:50:45.68Z
1000,nouvya,0.96642,2026-08-10T08:33:32.46Z
1001,donkedo,0.96642,2026-08-10T15:34:17.4233333Z
1002,Matts6591,0.96642,2026-08-06T12:13:38.5266667Z
1003,VaraPrabha,0.96641,2026-08-12T16:41:49.3266667Z
1004,BwandoWando,0.96641,2026-08-21T03:54:15.17Z
1005,Hassen Hicheri,0.96641,2026-08-22T21:28:42.52Z
1006,AAAMIKASA,0.96640,2026-08-01T19:25:07.3Z
1007,Kuba Kościan,0.96640,2026-08-14T14:05:02.24Z
1008,Edward L,0.96640,2026-08-15T00:09:00.1766667Z
1009,Jimmy Wang,0.96639,2026-08-05T06:21:17.5433333Z
1010,Barbagrande007,0.96638,2026-08-21T13:29:04.02Z
1011,KHuShIMaHajan,0.96638,2026-08-22T14:30:39.1433333Z
1012,Erwin Huizenga,0.96638,2026-08-22T20:45:41.62Z
1013,Bery Max,0.96638,2026-08-20T10:16:53.2466667Z
1014,Zerixter,0.96637,2026-08-18T14:17:09.6733333Z
1015,Nash Adam,0.96637,2026-08-21T05:08:06.1866667Z
1016,bobby lucido,0.96637,2026-08-06T01:37:12.08Z
1017,Karan Tanshukh,0.96637,2026-08-11T13:03:35.84Z
1018,shisan92,0.96637,2026-08-18T08:34:54.4633333Z
1019,Priyanshu Mittal,0.96636,2026-08-20T17:44:32.9233333Z
1020,SAI ESHWAR S,0.96635,2026-08-11T05:23:10.7966667Z
1021,NAGIREDY SURYA,0.96635,2026-08-21T05:57:48.72Z
1022,Callum Stephen Connell,0.96635,2026-08-22T18:57:05.1633333Z
1023,Ethika Das,0.96635,2026-08-21T13:15:22.86Z
1024,Karol Tang,0.96634,2026-08-21T16:23:14.5533333Z
1025,Fidel Lusiana Putri,0.96634,2026-08-17T13:29:03.0733333Z
1026,Adama Traore,0.96634,2026-08-04T00:12:51.4833333Z
1027,Aiman Al-Shalfi,0.96634,2026-08-21T13:23:34.21Z
1028,N.I,0.96633,2026-08-06T11:43:10.6Z
1029,Soham Dave,0.96633,2026-08-17T03:45:25.0933333Z
1030,Takashi Miura,0.96632,2026-08-07T04:04:31.37Z
1031,Babul Kumar,0.96632,2026-08-12T17:20:36.1766667Z
1032,Zechu Liu,0.96632,2026-08-18T14:33:28.2433333Z
1033,Mazen Hassane,0.96631,2026-08-19T14:49:13.25Z
1034,Paul Ryan,0.96630,2026-08-14T16:12:17.0766667Z
1035,Sem Simonyan,0.96630,2026-08-03T10:14:14.4866667Z
1036,LouisPlottier,0.96630,2026-08-16T19:46:58.4533333Z
1037,"Dias Tashev, MD",0.96628,2026-08-13T11:03:35.3033333Z
1038,Finezza,0.96628,2026-08-22T16:56:12.5933333Z
1039,TUNA,0.96628,2026-08-04T14:05:23.7633333Z
1040,Punyak,0.96628,2026-08-22T15:44:41.58Z
1041,JosephKHassan,0.96628,2026-08-05T22:13:45.8533333Z
1042,Iwo Grzeszkowski,0.96627,2026-08-07T07:39:34.88Z
1043,Allen Donald,0.96627,2026-08-09T12:39:32.0333333Z
1044,Isaac Quishpillo ,0.96627,2026-08-08T00:14:28.21Z
1045,mariko f.,0.96626,2026-08-22T12:14:18.7833333Z
1046,haukesteffen,0.96626,2026-08-20T13:51:34.9333333Z
1047,ninja496,0.96625,2026-08-14T11:54:20.4866667Z
1048,Yihan Guo,0.96624,2026-08-04T10:22:27.6866667Z
1049,Savi Kanse,0.96624,2026-08-05T10:19:55.4566667Z
1050,Agent Arya,0.96623,2026-08-04T17:43:00.4133333Z
1051,Ákos Pintér,0.96623,2026-08-05T09:50:43.62Z
1052,Bitok_001,0.96623,2026-08-21T13:48:53.89Z
1053,Shounak Kanade,0.96623,2026-08-10T08:49:59.58Z
1054,mr.pickleee,0.96623,2026-08-01T16:32:47.9233333Z
1055,Shivangi Singh,0.96623,2026-08-15T11:23:17.03Z
1056,bong seonghyun,0.96621,2026-08-05T13:15:15.3766667Z
1057,Simon,0.96621,2026-08-11T04:36:50.34Z
1058,VisionSpace,0.96620,2026-08-13T09:37:08.94Z
1059,Brad Hill,0.96620,2026-08-21T04:56:47.84Z
1060,ARUNAGIRINATHAN K,0.96620,2026-08-01T15:15:37.5766667Z
1061,Bianca Denadai,0.96620,2026-08-21T19:21:04.5033333Z
1062,Mohtamyzan,0.96619,2026-08-03T07:22:25.11Z
1063,Claudio Sturaro,0.96619,2026-08-16T20:49:21.9366667Z
1064,Jigyasa_2606,0.96618,2026-08-11T17:13:17.0266667Z
1065,Enes Haşıl,0.96618,2026-08-10T06:42:41.4033333Z
1066,BloodyGymVisitor,0.96618,2026-08-05T16:15:07.8966667Z
1067,Khongor2424,0.96618,2026-08-15T03:18:54.9266667Z
1068,Akalya Bharathi S A,0.96618,2026-08-22T16:59:51.61Z
1069,Rushikesh Gaonkar,0.96617,2026-08-20T16:30:01.6Z
1070,Racem Trabelsi,0.96617,2026-08-20T00:48:33.89Z
1071,Kr1ator,0.96617,2026-08-15T04:31:33.6533333Z
1072,Muhammad Shoaib Altaf,0.96617,2026-08-10T16:56:13.4633333Z
1073,DIJIN DOMINIC,0.96617,2026-08-06T10:47:08.4433333Z
1074,Takuya,0.96616,2026-08-08T12:40:06.2333333Z
1075,Aknot,0.96616,2026-08-09T13:20:19.2733333Z
1076,bob,0.96616,2026-08-21T01:26:08.9Z
1077,C3PO,0.96615,2026-08-19T11:06:03.9966667Z
1078,Keisuke_kaggle,0.96615,2026-08-21T08:16:28.9533333Z
1079,Naki,0.96615,2026-08-12T15:40:45.3433333Z
1080,[Deleted] c072da9c-edcb-4624-ac8e-01f3e3135afd,0.96615,2026-08-04T15:06:46.9033333Z
1081,Pedro Henrique,0.96615,2026-08-04T15:42:21.4666667Z
1082,sai_ash,0.96615,2026-08-20T14:54:16.4766667Z
1083,Nguyễn Trung Ngạn,0.96615,2026-08-10T18:37:45.1166667Z
1084,zi Pedro,0.96615,2026-08-16T18:07:19.0733333Z
1085,solyanas,0.96614,2026-08-18T11:38:06.8966667Z
1086,Xashimon,0.96614,2026-08-07T16:17:56.9733333Z
1087,[Deleted] f38e8021-cf20-4a2c-bcd0-78ddf69d1fa2,0.96614,2026-08-07T11:43:55.4833333Z
1088,baishuwow,0.96613,2026-08-05T01:22:20.89Z
1089,green_black_tea,0.96613,2026-08-12T18:37:43.5433333Z
1090,Mhmda81,0.96612,2026-08-19T22:32:52.5166667Z
1091,gizmrkv,0.96612,2026-08-21T13:56:08.7666667Z
1092,healer2408,0.96612,2026-08-09T08:28:20.44Z
1093,Prajwal patil,0.96612,2026-08-08T11:38:12.37Z
1094,Rimsha Waheed,0.96612,2026-08-22T13:10:24.56Z
1095,songjiajun,0.96610,2026-08-07T02:29:42.96Z
1096,Adison Simanullang,0.96610,2026-08-05T15:25:41.42Z
1097,Abraham Daniel Yat,0.96610,2026-08-19T12:51:35.0233333Z
1098,Areen Agrawal,0.96610,2026-08-19T15:31:03.7433333Z
1099,Olga Legan,0.96610,2026-08-13T20:19:20.0866667Z
1100,Roko Torbarina,0.96610,2026-08-19T03:59:14.92Z
1101,Enrico Manosperti,0.96610,2026-08-08T11:44:55.5533333Z
1102,VaLeRiO  XeFtErIs,0.96610,2026-08-02T20:34:31.3266667Z
1103,ershan23,0.96610,2026-08-16T04:08:50.2733333Z
1104,Shayan Zulfiqar,0.96609,2026-08-08T12:45:35.6733333Z
1105,Innovseed | Jenish,0.96609,2026-08-19T05:08:05.2666667Z
1106,Geegoogaagaa,0.96609,2026-08-16T08:01:12.94Z
1107,Levann Latarche,0.96609,2026-08-13T22:17:47.15Z
1108,Choe jungmin,0.96609,2026-08-12T07:21:14.5733333Z
1109,Shailesh Kumar,0.96609,2026-08-05T17:43:15.2166667Z
1110,Aditya #2,0.96608,2026-08-08T06:32:51.0833333Z
1111,Disha Dhope ,0.96608,2026-08-16T15:25:58.67Z
1112,Danïel Salazar,0.96608,2026-08-20T07:05:07.43Z
1113,Nate_Forbes,0.96608,2026-08-20T14:57:20.2066667Z
1114,Sanjay Dilip,0.96608,2026-08-20T20:56:55.58Z
1115,Sacha Aubert,0.96608,2026-08-13T15:36:32.1866667Z
1116,Vivek Verma,0.96607,2026-08-12T13:13:58.9666667Z
1117,YearntoChurn,0.96607,2026-08-20T00:38:26.6733333Z
1118,Jackson,0.96607,2026-08-19T09:49:33.8866667Z
1119,Quang0150,0.96607,2026-08-13T03:29:39.15Z
1120,kminh712,0.96607,2026-08-22T16:17:36.8733333Z
1121,PutN1k,0.96607,2026-08-12T16:25:59.9933333Z
1122,K1taIkuyo,0.96607,2026-08-06T11:25:55.3033333Z
1123,Jim Gruman,0.96606,2026-08-13T21:32:59.0566667Z
1124,Deep Patil,0.96606,2026-08-15T17:02:34.8166667Z
1125,Muhammad Osama Naeem,0.96605,2026-08-05T05:33:46.6466667Z
1126,Marcos Silveira,0.96605,2026-08-22T15:00:43.6433333Z
1127,Nur Srijan,0.96605,2026-08-02T06:48:21.0333333Z
1128,luofeng19970209,0.96605,2026-08-21T16:19:13.8133333Z
1129,Potato,0.96605,2026-08-20T13:12:21.4366667Z
1130,daguniang,0.96604,2026-08-18T01:58:52.5766667Z
1131,Lindokuhle Nyoka,0.96604,2026-08-07T19:49:39.02Z
1132,Sakthivarshan S,0.96604,2026-08-06T10:59:07.4366667Z
1133,Leon,0.96604,2026-08-14T10:04:05.5533333Z
1134,Kemal Musab Dayioglu,0.96603,2026-08-19T17:55:31.33Z
1135,Alexis Janke,0.96603,2026-08-10T14:29:43.3166667Z
1136,K_DHEERAJ_11,0.96603,2026-08-18T06:38:16.81Z
1137,Sanya Gupta31,0.96603,2026-08-12T08:54:15.2333333Z
1138,Hòa Phùng Ngọc GIa,0.96602,2026-08-13T04:54:05.8Z
1139,manabann,0.96602,2026-08-22T10:53:45.8533333Z
1140,Rugved Bane,0.96602,2026-08-08T13:11:51.46Z
1141,Dhiyanesh Babu C V,0.96602,2026-08-07T06:13:18.8233333Z
1142,chauahanvivanshu,0.96602,2026-08-07T17:40:42.2133333Z
1143,Alibay Alili,0.96601,2026-08-20T12:19:41.4066667Z
1144,Dule@11,0.96601,2026-08-19T06:27:48.0666667Z
1145,Bruce Liu47,0.96601,2026-08-22T13:56:27.5733333Z
1146,Vineesha avasarala,0.96601,2026-08-14T02:47:38.4933333Z
1147,Chris Chang,0.96601,2026-08-05T02:13:20.7733333Z
1148,moushun chen,0.96601,2026-08-16T20:01:07.8266667Z
1149,Ayaan Faisal,0.96601,2026-08-21T10:03:16.43Z
1150,Muhammad Hamim Islam,0.96601,2026-08-14T10:41:46.76Z
1151,Dev Batra,0.96601,2026-08-08T21:56:07.2Z
1152,Nick Daniel Ramos,0.96601,2026-08-20T10:48:40.5866667Z
1153,Anhad mahajan,0.96600,2026-08-08T14:30:45.75Z
1154,永远喜欢薇尔莉特·伊芙加登,0.96600,2026-08-09T04:38:45.4966667Z
1155,Kamonashis Halder,0.96600,2026-08-18T19:17:09.7733333Z
1156,Stephen Tarter,0.96600,2026-08-20T14:18:20.1833333Z
1157,teekay,0.96600,2026-08-12T19:45:01.38Z
1158,Md Naim,0.96599,2026-08-12T06:22:09.0066667Z
1159,bsenst,0.96599,2026-08-03T20:49:15.5966667Z
1160,HarishHR7,0.96599,2026-08-21T11:28:46.3Z
1161,poignant padaeng,0.96599,2026-08-17T14:02:36.6733333Z
1162,chengho ho,0.96599,2026-08-02T13:19:51.2766667Z
1163,Seungyeon,0.96599,2026-08-01T19:11:23.3133333Z
1164,CRUCIFIXION,0.96599,2026-08-11T10:49:32.9766667Z
1165,Abhinav0067,0.96599,2026-08-22T08:35:32.18Z
1166,tuboa2,0.96598,2026-08-22T10:48:47.06Z
1167,SAIKAT MANDAL,0.96598,2026-08-09T15:28:54.48Z
1168,NebulousMarksman,0.96597,2026-08-08T22:23:34.1166667Z
1169,Abdulwaliyi Jimoh,0.96597,2026-08-19T02:42:12.7666667Z
1170,Ashish Kumar #2,0.96597,2026-08-22T10:39:54.7733333Z
1171,Zih-Chen Hung,0.96597,2026-08-07T06:56:47.0166667Z
1172,dark gobelin,0.96597,2026-08-22T12:51:34.68Z
1173,liua xiao,0.96596,2026-08-21T08:58:51.4466667Z
1174,Ankit XII C 6773 roll 5,0.96595,2026-08-10T18:47:25.6966667Z
1175,Patrick O’Neil,0.96595,2026-08-12T13:36:11.5766667Z
1176,Pranjal Arya,0.96595,2026-08-12T13:26:14.5366667Z
1177,Hiro,0.96595,2026-08-22T16:21:25.5533333Z
1178,EstebanCRz,0.96594,2026-08-10T08:48:37.7533333Z
1179,Arukyan,0.96594,2026-08-21T16:11:30.2633333Z
1180,Gustavo Quevedo,0.96594,2026-08-09T03:16:42.2033333Z
1181,Sarvesh Chhetri,0.96594,2026-08-22T16:01:32.6133333Z
1182,Lalit sonawane,0.96594,2026-08-13T07:03:53.09Z
1183,Smit_1612,0.96594,2026-08-19T14:17:10.9633333Z
1184,Aditya Rajesh,0.96594,2026-08-15T14:00:31.1433333Z
1185,A100NaN,0.96594,2026-08-14T08:23:31.0533333Z
1186,RAPIDS LAB,0.96594,2026-08-01T18:41:21.35Z
1187,datagrind,0.96593,2026-08-07T22:40:27.0166667Z
1188,Dessy Amirudin,0.96593,2026-08-08T07:59:37.7366667Z
1189,Vandana Pathania,0.96592,2026-08-04T03:06:54.16Z
1190,kacktus,0.96592,2026-08-14T08:19:47.45Z
1191,Tahseen Aslam,0.96591,2026-08-18T08:54:01.42Z
1192,CHENZHEN HE111,0.96591,2026-08-07T14:30:27.1366667Z
1193,wangbin.dev,0.96590,2026-08-02T16:01:46.5366667Z
1194,UnfriendlyAI,0.96590,2026-08-07T18:16:32.87Z
1195,S-as-H,0.96589,2026-08-22T10:43:33.2033333Z
1196,Vitalii Petrusenko,0.96589,2026-08-22T14:43:53.58Z
1197,Kaustubh Bejgamwar,0.96589,2026-08-16T21:00:30.9233333Z
1198,Tannushree Vaishnav,0.96589,2026-08-17T19:53:27.7866667Z
1199,BitByte gng,0.96589,2026-08-21T11:01:30.81Z
1200,raouf lounis,0.96589,2026-08-16T10:49:46.0966667Z
1201,Pranali chitre ,0.96589,2026-08-16T12:10:53.0866667Z
1202,BhagyaVarshney_AIML,0.96588,2026-08-18T08:12:25.3166667Z
1203,Joash mapili,0.96587,2026-08-13T12:17:32.19Z
1204,Guido Bróccoli,0.96587,2026-08-22T20:17:31.0833333Z
1205,zhouqingyang,0.96587,2026-08-05T12:14:31.78Z
1206,Manuel Labbé,0.96587,2026-08-06T01:46:34.0866667Z
1207,Arin Sharma,0.96586,2026-08-09T21:35:18.1166667Z
1208,Catadanna,0.96586,2026-08-04T17:25:51.9833333Z
1209,ArnoldRosielle,0.96586,2026-08-18T18:41:20.6266667Z
1210,Clébio Júnior,0.96586,2026-08-11T20:58:31.2933333Z
1211,Kazuma Minamiguchi,0.96586,2026-08-22T11:55:15.3Z
1212,마짱MAZZANG,0.96586,2026-08-05T14:27:45.6766667Z
1213,S3ggie,0.96586,2026-08-15T07:35:34.7133333Z
1214,huanxian chen,0.96585,2026-08-02T02:26:51.74Z
1215,Tyler_026,0.96585,2026-08-18T18:01:05.0966667Z
1216,QuangVu,0.96585,2026-08-08T17:45:57.6933333Z
1217,Satwato Dey,0.96585,2026-08-22T05:34:38.7666667Z
1218,Farrah Tharwat,0.96584,2026-08-14T23:07:11.1Z
1219,Mohamed aziz blaidi,0.96584,2026-08-18T19:14:34.6566667Z
1220,AmanPatre33,0.96583,2026-08-20T20:20:07.3033333Z
1221,elyes3,0.96583,2026-08-06T22:06:13.02Z
1222,Hinal Mehra,0.96583,2026-08-21T11:20:37.0033333Z
1223,aina,0.96583,2026-08-03T21:31:22.0533333Z
1224,Rohan Dsouza,0.96583,2026-08-05T06:03:23.01Z
1225,samuelpndx,0.96582,2026-08-18T20:20:12.07Z
1226,P. K. Mensah,0.96582,2026-08-16T07:50:50.21Z
1227,Antoine Matemane Mahirwe,0.96582,2026-08-09T13:20:04.5966667Z
1228,error_king_real,0.96582,2026-08-19T13:47:49.1933333Z
1229,恵輔平川,0.96582,2026-08-22T16:58:21.56Z
1230,Александр Ляшенко,0.96581,2026-08-19T16:34:38.3033333Z
1231,Sudhanthirapriya Sundaram,0.96581,2026-08-11T12:28:22.94Z
1232,shin_kx,0.96580,2026-08-15T13:08:58.7Z
1233,ham chicchi ,0.96580,2026-08-10T13:07:53.63Z
1234,MingNguyenDang,0.96580,2026-08-03T20:14:55.0733333Z
1235,Hezekiah  Ayuba,0.96580,2026-08-22T21:17:57.4133333Z
1236,Emirhan,0.96580,2026-08-09T14:07:01.54Z
1237,Yuxiu Jing,0.96579,2026-08-10T07:29:48.2533333Z
1238,CREVATEC,0.96579,2026-08-07T15:08:56.7233333Z
1239,Jatin,0.96579,2026-08-17T10:28:05.4733333Z
1240,Jesmi George,0.96579,2026-08-08T06:37:17.6266667Z
1241,mifnkst,0.96579,2026-08-11T14:57:11.95Z
1242,Gabriel Dereims,0.96578,2026-08-11T23:44:12.1533333Z
1243,mcotton,0.96578,2026-08-20T19:53:50.65Z
1244,MOSTEFAI MOUNIR,0.96578,2026-08-20T15:46:05.3666667Z
1245,Lynn Pigott,0.96578,2026-08-14T06:19:23.4866667Z
1246,karinkaito,0.96578,2026-08-19T12:49:11.1333333Z
1247,TOMizzz,0.96578,2026-08-13T18:48:14.2166667Z
1248,osushi10,0.96577,2026-08-15T07:32:15.5766667Z
1249,zhang zefang,0.96576,2026-08-15T06:03:31.2366667Z
1250,Anas Elkot,0.96576,2026-08-11T15:22:00.29Z
1251,kakate,0.96576,2026-08-12T14:27:10.6066667Z
1252,Hưng Lưu,0.96575,2026-08-21T14:46:38.71Z
1253,Kundan Kumar,0.96574,2026-08-19T07:29:28.8466667Z
1254,Natha_Kaggle,0.96574,2026-08-22T20:36:53.5866667Z
1255,Priyam Saha,0.96574,2026-08-11T10:09:05.95Z
1256,pieego,0.96574,2026-08-21T16:37:59.4166667Z
1257,Mulukhiya,0.96574,2026-08-22T01:13:23.46Z
1258,Sohel Bhongade,0.96573,2026-08-13T01:12:40.3933333Z
1259,Jess2005,0.96573,2026-08-12T19:16:33.26Z
1260,Jayatee Srivastava,0.96573,2026-08-13T06:07:03.31Z
1261,Prajwal Khambad,0.96573,2026-08-20T13:44:42.01Z
1262,Roronoa Zoro,0.96573,2026-08-18T14:37:22.85Z
1263,amiakar,0.96572,2026-08-16T15:05:09.3866667Z
1264,Rohit Prakash Singh,0.96572,2026-08-05T04:57:02.13Z
1265,Lakshya bakshi,0.96571,2026-08-09T18:55:18.16Z
1266,na02string,0.96571,2026-08-11T13:58:17.6966667Z
1267,ibrahim omh,0.96570,2026-08-03T14:55:16.2233333Z
1268,Hussain99,0.96570,2026-08-11T23:18:39.9433333Z
1269,urbandrei,0.96569,2026-08-12T17:54:39.44Z
1270,Haseeb_Ahmad_16,0.96568,2026-08-14T00:04:38.2233333Z
1271,flpmcrh,0.96568,2026-08-20T21:10:10.03Z
1272,Md. Mahbub Ur Rashid,0.96568,2026-08-06T22:04:28.36Z
1273,Othman Garaibeh,0.96568,2026-08-22T15:56:02.7866667Z
1274,Rhys Hicks,0.96568,2026-08-08T11:43:06.2266667Z
1275,AJ,0.96568,2026-08-17T14:12:20.85Z
1276,Sofia_Gilka,0.96567,2026-08-07T13:25:40.94Z
1277,arno,0.96566,2026-08-21T13:52:40.1433333Z
1278,imunderthetree,0.96566,2026-08-17T14:36:28.8333333Z
1279,Mahesh Gurjar,0.96565,2026-08-05T07:59:25.69Z
1280,Maryam Amjad,0.96565,2026-08-09T14:13:44.3466667Z
1281,Yi De Tsai,0.96564,2026-08-11T04:24:36.72Z
1282,palpawan12,0.96564,2026-08-22T11:04:32.06Z
1283,Makoto Furukawa,0.96564,2026-08-16T06:22:26.3866667Z
1284,Poltergiest,0.96564,2026-08-10T14:56:16.8533333Z
1285,Sharanya Nagar,0.96563,2026-08-16T14:58:23.9333333Z
1286,Kir Bor,0.96563,2026-08-02T07:06:03.6866667Z
1287,MD Shafayetur Rahman,0.96563,2026-08-05T09:18:25.92Z
1288,Ali Osman Kaya,0.96562,2026-08-16T11:03:14.0333333Z
1289,YuFeng Duck Huang,0.96562,2026-08-04T09:12:16.7666667Z
1290,Nipuna Dhananjaya,0.96562,2026-08-02T05:44:54.72Z
1291,Hiruka Devendra,0.96562,2026-08-18T15:33:09.0833333Z
1292,Ashutosh Agnihotri,0.96561,2026-08-10T09:41:03.6266667Z
1293,Thibault KOBLER,0.96561,2026-08-14T08:04:17.0633333Z
1294,CazyUndee,0.96561,2026-08-10T20:07:49.33Z
1295,Swapnil Verma,0.96561,2026-08-16T21:46:16.71Z
1296,Djaafar Lecheheb DL,0.96560,2026-08-16T02:15:25.4866667Z
1297,Philemon Chan,0.96560,2026-08-19T16:33:02.2933333Z
1298,weiri,0.96560,2026-08-08T13:55:10.47Z
1299,Malco Qoo,0.96560,2026-08-01T04:09:02.4166667Z
1300,G S ABINIVAS,0.96559,2026-08-11T05:17:43.4133333Z
1301,racerY,0.96559,2026-08-07T22:00:04.0766667Z
1302,IamGRootMSE,0.96559,2026-08-12T05:23:17.0033333Z
1303,Gonçalo Cravinho,0.96559,2026-08-21T20:54:35.0466667Z
1304,Amit Joshi,0.96559,2026-08-22T10:08:46.0033333Z
1305,João Pedro Mamede Dias,0.96559,2026-08-08T09:39:33.23Z
1306,Giselle Wu,0.96558,2026-08-08T23:34:21.4133333Z
1307,raining1,0.96558,2026-08-03T05:35:40.67Z
1308,Taha Nauman,0.96558,2026-08-07T17:54:12.8133333Z
1309,Himansu,0.96556,2026-08-15T18:13:33.2933333Z
1310,Qianhua Huang,0.96556,2026-08-02T19:29:58.4933333Z
1311,SIlligull_einzbern,0.96556,2026-08-14T13:08:32.6833333Z
1312,Kamogawa Gym,0.96555,2026-08-13T19:04:17.36Z
1313,rampichino,0.96555,2026-08-21T16:00:05.46Z
1314,Tasin Islam,0.96555,2026-08-20T12:52:39.4166667Z
1315,mohduwaishchaudhary,0.96555,2026-08-04T23:02:26.3666667Z
1316,Abhishek Gupta,0.96554,2026-08-09T17:03:36.1866667Z
1317,Carolin DJ,0.96554,2026-08-05T07:33:10.3466667Z
1318,Andrea Moschetti,0.96554,2026-08-22T07:58:50.7733333Z
1319,Mrudul Mistri,0.96554,2026-08-21T05:13:18.26Z
1320,daociyiyou0,0.96554,2026-08-04T01:46:16.6433333Z
1321,Sahil Deogade,0.96553,2026-08-13T16:43:11.0533333Z
1322,Paolo Barzaghi 95,0.96553,2026-08-04T12:09:16.3833333Z
1323,Ryuzaki2325,0.96553,2026-08-18T06:32:16.7066667Z
1324,Mirko Caroleo,0.96553,2026-08-22T14:42:51.79Z
1325,Aslam Sayyad ,0.96553,2026-08-12T18:26:05.6833333Z
1326,Chirag Tutlani,0.96552,2026-08-07T20:28:30.7266667Z
1327,simplecar,0.96551,2026-08-03T14:52:33.7533333Z
1328,Khaled Tarchi,0.96551,2026-08-03T18:56:14.5533333Z
1329,Amal Messaoud,0.96550,2026-08-17T15:54:52.5366667Z
1330,turtle,0.96549,2026-08-03T00:52:39.8733333Z
1331,McLovin82,0.96549,2026-08-21T11:58:21.2Z
1332,Yamato MINE,0.96549,2026-08-16T12:26:35.4166667Z
1333,Ghaith Kammoun,0.96548,2026-08-21T22:28:21.2233333Z
1334,Emre Erbaşlı,0.96548,2026-08-17T19:31:53.5266667Z
1335,Tamanna Ramjan Mujawar,0.96548,2026-08-21T17:21:32.4833333Z
1336,Shel Horta,0.96548,2026-08-18T15:17:36.86Z
1337,BENDIFALLAH RAMI,0.96548,2026-08-12T12:00:03.79Z
1338,Nurasik12,0.96548,2026-08-15T06:15:18.1266667Z
1339,Isle Bennett,0.96547,2026-08-21T11:32:57.12Z
1340,SunnyKr19,0.96547,2026-08-04T17:09:08.15Z
1341,Aniket Gaikwad,0.96547,2026-08-22T07:20:18.1433333Z
1342,kitayama,0.96547,2026-08-20T17:20:50.5266667Z
1343,Junta Hashimoto,0.96547,2026-08-16T09:06:54.97Z
1344,mehedi hasan,0.96546,2026-08-14T13:15:05.6466667Z
1345,Felopateer William,0.96546,2026-08-16T20:58:28.6733333Z
1346,christopher obuchere,0.96546,2026-08-03T14:17:34.22Z
1347,Mr Tosma,0.96546,2026-08-04T17:17:47.0366667Z
1348,vandanamr,0.96545,2026-08-08T23:33:07.2133333Z
1349,Hamzah Abdillah Gabriela,0.96544,2026-08-04T11:41:26.7433333Z
1350,EFu9954,0.96544,2026-08-06T17:26:01.05Z
1351,HUSED,0.96543,2026-08-17T16:03:43.8066667Z
1352,na2226,0.96543,2026-08-12T09:17:04.96Z
1353,ArmanVardanyan07,0.96543,2026-08-03T10:50:31.8366667Z
1354,Mohammed arfan shafin,0.96543,2026-08-22T16:20:18.8Z
1355,Arda Çiftçi,0.96543,2026-08-07T10:00:24.51Z
1356,gheysar4real,0.96543,2026-08-08T19:00:30.06Z
1357,Игорь Селяков,0.96542,2026-08-02T21:19:21.1533333Z
1358,Keith Ng,0.96542,2026-08-06T08:24:49.9033333Z
1359,FENGYESHAN,0.96542,2026-08-22T05:09:38.84Z
1360,feynman,0.96541,2026-08-18T21:42:05.6533333Z
1361,PRATAP KUMAR,0.96541,2026-08-14T10:57:07.9266667Z
1362,Shadi Akiki,0.96541,2026-08-19T16:05:25.8933333Z
1363,Shubham Helkar,0.96541,2026-08-21T17:42:42.3366667Z
1364,YagynaSri Reddy Mukku,0.96541,2026-08-01T12:39:34.9233333Z
1365,Danken,0.96541,2026-08-18T17:38:56.9333333Z
1366,Alexandr Mezin,0.96541,2026-08-02T07:25:31.8866667Z
1367,Gaurav Mehta,0.96541,2026-08-11T19:32:42.2Z
1368,Caleb Williamson,0.96540,2026-08-01T22:34:58.9966667Z
1369,Vanshika0902,0.96540,2026-08-11T17:07:40.14Z
1370,Mahesh Munnuru,0.96539,2026-08-15T07:32:54.85Z
1371,EitaF,0.96539,2026-08-22T13:07:32.2266667Z
1372,KNT93,0.96539,2026-08-14T04:00:18.9966667Z
1373,PREM GAIKWAD,0.96539,2026-08-22T18:01:10.29Z
1374,Alisa Oplakanskaya,0.96539,2026-08-10T07:49:21.91Z
1375,Alptuğ Bozkurt,0.96539,2026-08-10T11:43:21.7633333Z
1376,diskm25,0.96539,2026-08-20T22:18:34.3166667Z
1377,k nishiyama,0.96539,2026-08-18T04:32:31.3166667Z
1378,Usama_Ramzan,0.96538,2026-08-09T10:36:44.28Z
1379,Shahriar Islam Siyam,0.96538,2026-08-13T16:55:10.4833333Z
1380,Hayk's Team,0.96538,2026-08-19T09:23:41.7433333Z
1381,Mateus Alkimim,0.96538,2026-08-22T02:33:33.4666667Z
1382,Michael J Hammel,0.96537,2026-08-01T02:28:57.9366667Z
1383,Animesh Wani,0.96537,2026-08-18T09:06:55.5333333Z
1384,Ryo Myzk,0.96537,2026-08-21T05:43:03.6866667Z
1385,Sarthak Kapaliya,0.96536,2026-08-04T21:10:54.8466667Z
1386,Sri Venkata Abhishikth,0.96536,2026-08-14T16:51:00.16Z
1387,Kishore M😊,0.96535,2026-08-17T11:44:31.9833333Z
1388,Jack Bernstein,0.96535,2026-08-19T16:57:19.7333333Z
1389,Vladislav Bukhtoyarov,0.96535,2026-08-13T20:04:32.7966667Z
1390,darasty,0.96535,2026-08-10T14:11:38.65Z
1391,My Pham Nguyen Ha ,0.96534,2026-08-21T18:02:12.0333333Z
1392,Marius,0.96534,2026-08-21T14:52:56.3566667Z
1393,calico,0.96534,2026-08-14T16:27:12.1366667Z
1394,Arda Özcan,0.96534,2026-08-12T23:32:29.1066667Z
1395,thodotpro,0.96534,2026-08-06T07:19:32.9933333Z
1396,Vishwa prabashwara,0.96534,2026-08-04T21:20:46.8933333Z
1397,K ss1715,0.96534,2026-08-22T14:49:32.9833333Z
1398,Wafaa Alayoubi,0.96533,2026-08-16T07:47:17.1366667Z
1399,Vaibhav Bhagat,0.96533,2026-08-04T20:12:15.79Z
1400,Ellis00322,0.96533,2026-08-11T19:28:17.9433333Z
1401,All over the golf,0.96533,2026-08-06T18:30:22.69Z
1402,tagughi akihiro,0.96533,2026-08-10T13:25:40.8533333Z
1403,Ishimori Yusuke,0.96533,2026-08-06T23:02:45.72Z
1404,Bhuvaneshwar Pratap,0.96532,2026-08-15T13:00:16.9666667Z
1405,Bhuvaneshwar Pratap #2,0.96532,2026-08-15T13:05:31.48Z
1406,JT-DS-Test,0.96532,2026-08-19T06:41:39.7966667Z
1407,long1973m,0.96532,2026-08-02T07:50:28.1533333Z
1408,Nidhi Tomar,0.96532,2026-08-13T17:04:02.02Z
1409,flag_06,0.96531,2026-08-11T10:03:22.5166667Z
1410,Maneesh Singh Chauhan,0.96531,2026-08-19T06:13:02.1133333Z
1411,Annam Hema Kumar,0.96531,2026-08-18T09:28:18.0433333Z
1412,Bhuvan Kadiyala,0.96531,2026-08-18T16:27:01.4633333Z
1413,Muhammad Usman Khan,0.96530,2026-08-06T08:15:48.6466667Z
1414,chihab gheraibia,0.96530,2026-08-07T01:40:05.1033333Z
1415,Bryce Chambers,0.96530,2026-08-01T19:04:28.1333333Z
1416,Ruszczka,0.96530,2026-08-05T19:25:42.0466667Z
1417,Erfan Hosseini,0.96529,2026-08-22T20:53:22.9733333Z
1418,Sometin,0.96529,2026-08-16T18:13:36.1733333Z
1419,Samidha,0.96529,2026-08-07T23:30:49.4533333Z
1420,Kezia Imanuella,0.96528,2026-08-08T12:34:24.0033333Z
1421,Jimmy Dani,0.96528,2026-08-16T13:00:08.0166667Z
1422,AP12Ramanik,0.96527,2026-08-01T21:23:31.1533333Z
1423,Srishti Gauraha,0.96527,2026-08-06T08:03:55.5433333Z
1424,Mehmet Özel,0.96527,2026-08-22T15:00:31.3066667Z
1425,clashlmfak,0.96527,2026-08-09T14:48:31.52Z
1426,Rudolf HOUNLETE,0.96527,2026-08-14T23:01:45.3866667Z
1427,sArwar sHafe ,0.96527,2026-08-07T08:51:30.7266667Z
1428,chen chen,0.96526,2026-08-02T06:54:13.9366667Z
1429,雨飘的夜,0.96526,2026-08-07T17:05:11.0466667Z
1430,Nick,0.96526,2026-08-04T00:04:37.35Z
1431,Aryan kumar Sahoo,0.96525,2026-08-19T12:37:16.5766667Z
1432,Shem Salih,0.96525,2026-08-22T11:02:51.65Z
1433,Javidan__0,0.96525,2026-08-15T15:46:47.7533333Z
1434,Rahul Das,0.96524,2026-08-06T12:16:36.5566667Z
1435,Emirhan Kadan,0.96524,2026-08-06T23:46:43.9533333Z
1436,wrrd,0.96523,2026-08-05T13:43:16.0833333Z
1437,PANCHAL MANAN JAYESHKUMAR,0.96523,2026-08-03T18:42:16.5766667Z
1438,Almaz Sakhapov,0.96523,2026-08-17T18:19:55.0966667Z
1439,Dongyan Zhang (dy),0.96523,2026-08-05T06:03:25.59Z
1440,Crista,0.96522,2026-08-20T07:31:31.6433333Z
1441,SubikshaParamasivam,0.96522,2026-08-19T13:10:59.4533333Z
1442,Konko M,0.96522,2026-08-16T21:55:04.63Z
1443,Ivan Seleznov,0.96521,2026-08-17T08:12:03.2533333Z
1444,Uğur Atlı,0.96521,2026-08-09T15:18:55.3433333Z
1445,Shah Muhmmad Fazle Rabbi,0.96521,2026-08-06T08:51:52.8133333Z
1446,malibu_orange,0.96521,2026-08-02T11:24:14.91Z
1447,BrentL,0.96520,2026-08-07T10:19:10.8266667Z
1448,juy hh,0.96520,2026-08-07T23:20:01.2933333Z
1449,haideptry,0.96520,2026-08-03T10:28:13.55Z
1450,Christian F. Badillo H.,0.96520,2026-08-15T21:17:45.3933333Z
1451,Keya Dobriyal,0.96519,2026-08-06T20:58:51.55Z
1452,dwdwdwsdedwd,0.96519,2026-08-04T10:01:19.0166667Z
1453,Zişan Ferzin YALÇIN,0.96519,2026-08-13T08:35:45.2133333Z
1454,aniketps4,0.96519,2026-08-21T06:30:43.75Z
1455,Korty,0.96519,2026-08-22T14:59:16.0066667Z
1456,Mayank Tiwari,0.96518,2026-08-18T18:37:12.85Z
1457,Đào Minh Thuấn 🎖️,0.96518,2026-08-15T21:27:08.4066667Z
1458,EsdrosDawit2,0.96517,2026-08-20T12:15:22.52Z
1459,ikazen,0.96517,2026-08-18T22:53:35.79Z
1460,Dimitrios Chronis,0.96517,2026-08-22T19:59:32.5866667Z
1461,inga_error,0.96517,2026-08-12T23:03:00.0833333Z
1462,Canchs,0.96516,2026-08-17T03:00:42.2066667Z
1463,Nikita Savkin,0.96516,2026-08-03T18:09:54.72Z
1464,NewDayOK,0.96516,2026-08-16T11:59:58.5933333Z
1465,Vikas Seth,0.96516,2026-08-14T00:54:10.6233333Z
1466,defnotafunction,0.96515,2026-08-16T23:54:58.1666667Z
1467,teaminflation,0.96514,2026-08-09T09:45:44.7Z
1468,Crafty Code,0.96513,2026-08-20T11:00:33.99Z
1469,Jsznnn,0.96513,2026-08-21T18:25:39.9066667Z
1470,Sourjya Mukherjee,0.96513,2026-08-03T03:34:52.5933333Z
1471,yeongseok32,0.96513,2026-08-15T02:04:57.63Z
1472,Tasha Steve,0.96512,2026-08-11T12:15:44.0533333Z
1473,Martin Saxa,0.96512,2026-08-09T09:43:34.5033333Z
1474,Ujjawal Singh,0.96512,2026-08-17T05:24:28.3833333Z
1475,Pooja Puri,0.96512,2026-08-17T05:48:23.4033333Z
1476,h4re,0.96512,2026-08-09T00:58:51.7466667Z
1477,Thomas Stahl,0.96511,2026-08-16T06:09:41.15Z
1478,Anurag Goyal,0.96510,2026-08-07T01:12:22.5666667Z
1479,Kenneth Ryan Dsouza,0.96510,2026-08-16T10:55:46.6866667Z
1480,Miles Mule,0.96510,2026-08-02T22:06:47.9533333Z
1481,Umut07,0.96509,2026-08-19T14:36:49.0766667Z
1482, SAI KARTHIK_7007,0.96509,2026-08-18T05:15:40.7533333Z
1483,Outatime,0.96509,2026-08-04T16:21:23.3066667Z
1484,Voyager_Nine,0.96509,2026-08-18T16:25:38.4733333Z
1485,Olivier,0.96509,2026-08-18T04:56:50.5666667Z
1486,Vinymo,0.96509,2026-08-19T11:27:52.43Z
1487,Vision coders,0.96508,2026-08-17T13:43:47.16Z
1488,LEFEUFOLLET,0.96508,2026-08-14T07:26:41.8033333Z
1489,Skvorec,0.96508,2026-08-09T13:03:39.6333333Z
1490,Abdulsamod Azeez,0.96508,2026-08-14T09:32:50.66Z
1491,Parth Sarnobat,0.96508,2026-08-22T18:23:55.12Z
1492,Rizki Surya Nugroho,0.96507,2026-08-11T13:55:14.62Z
1493,kachiatsu,0.96507,2026-08-16T10:35:39.1766667Z
1494,B Yaswanth Naidu,0.96507,2026-08-22T19:59:19.5466667Z
1495,Shash,0.96507,2026-08-06T13:07:05.71Z
1496,sArwar-sHafee,0.96507,2026-08-09T11:17:06.3133333Z
1497,Faheem219,0.96506,2026-08-08T15:44:22.3266667Z
1498,hasanbakr,0.96506,2026-08-18T17:29:17.16Z
1499,Sumantra Prajapati,0.96506,2026-08-05T07:31:16.4266667Z
1500,Divine Oguche,0.96506,2026-08-05T21:07:50.85Z
1501,Brian74804,0.96505,2026-08-22T15:38:39.6566667Z
1502,Francesc Oliveras,0.96505,2026-08-18T11:27:30.83Z
1503,Sivaramakrishnan G,0.96505,2026-08-10T07:03:09.5533333Z
1504,Yanzhe Dong,0.96505,2026-08-16T10:34:38.8166667Z
1505,Kizabgd,0.96505,2026-08-14T05:05:41.1833333Z
1506,EddieLK,0.96504,2026-08-11T13:17:40.8733333Z
1507,Paulo Obnial,0.96504,2026-08-06T04:22:37.6433333Z
1508,Adit Bhattarai,0.96504,2026-08-13T05:08:05.2866667Z
1509,Aditi,0.96504,2026-08-18T12:14:38.17Z
1510,Dyl,0.96503,2026-08-16T19:39:35.6333333Z
1511,Repala Manideep,0.96502,2026-08-16T11:02:44.51Z
1512,Ethan J. Schauder,0.96500,2026-08-11T13:30:11.87Z
1513,Niklas,0.96500,2026-08-13T17:32:48.79Z
1514,Saawan Rao,0.96500,2026-08-21T07:32:48.0733333Z
1515,chaï,0.96500,2026-08-22T20:18:30.9466667Z
1516,Sergeev Dima,0.96499,2026-08-09T13:24:17.5666667Z
1517,Garygao,0.96499,2026-08-13T17:03:00.6333333Z
1518,Lis Hdez,0.96499,2026-08-18T16:39:09.1833333Z
1519,JC Alicaway,0.96498,2026-08-09T04:26:10.8933333Z
1520,귀요미,0.96498,2026-08-02T19:12:29.4633333Z
1521,kishorkumarJha,0.96498,2026-08-09T19:24:32.08Z
1522,SAMPAT PRAJAPAT,0.96498,2026-08-05T11:49:33.5466667Z
1523,Anushka Sugandh,0.96498,2026-08-09T08:26:29.7466667Z
1524,YOUSSEF NAGGAR,0.96497,2026-08-16T15:35:47.1266667Z
1525,Imai Sakiko (tibenfan),0.96497,2026-08-13T14:34:51.6766667Z
1526,evanrcohen,0.96497,2026-08-14T02:23:27.61Z
1527,Jincy,0.96496,2026-08-09T06:54:57.3566667Z
1528,Ancy,0.96496,2026-08-20T10:34:12.33Z
1529,PavanKumar9938,0.96496,2026-08-09T12:49:04.5666667Z
1530,Narpinder Singh,0.96495,2026-08-16T14:15:29.4866667Z
1531,Fahim Muntasir Sajid,0.96495,2026-08-13T11:27:53.3833333Z
1532,Aum Patel 131,0.96495,2026-08-09T09:29:25.2066667Z
1533,tuko_tanzwoo,0.96495,2026-08-02T09:22:29.2633333Z
1534,shane raphel,0.96495,2026-08-05T03:07:51.13Z
1535,Haojingyang,0.96495,2026-08-22T08:47:29.3066667Z
1536,Vux,0.96494,2026-08-13T15:27:11.5066667Z
1537,Novem,0.96494,2026-08-19T06:06:09.2033333Z
1538,subham acherjee,0.96494,2026-08-18T12:14:36.46Z
1539,Samuel Anklesaria,0.96493,2026-08-11T21:13:36.18Z
1540,Andriy Mysko,0.96493,2026-08-19T22:54:01.0033333Z
1541,mr Good,0.96493,2026-08-22T14:31:58.38Z
1542,kansyo,0.96492,2026-08-09T03:28:05.1133333Z
1543,doutianlin,0.96492,2026-08-15T09:03:00.6966667Z
1544,Shshank Singh,0.96492,2026-08-13T19:04:59.8133333Z
1545,Yehezkiel Haganta,0.96492,2026-08-20T12:31:47.3033333Z
1546,Buggy,0.96492,2026-08-18T07:53:49.5866667Z
1547,Jarosław Klepadło,0.96491,2026-08-21T22:10:12.0333333Z
1548,xuanxuan496,0.96491,2026-08-21T05:02:20.04Z
1549,DEV RAJ SINGH,0.96490,2026-08-18T04:36:55.2133333Z
1550,wildfire kindle,0.96489,2026-08-04T04:16:59.09Z
1551,chanmari_chan,0.96489,2026-08-10T10:20:52.0033333Z
1552,Vishal Agrawal,0.96489,2026-08-22T14:33:11.47Z
1553,Andrey Khamitov,0.96488,2026-08-08T10:20:31.0233333Z
1554,kunal_singh,0.96488,2026-08-22T14:39:54.9866667Z
1555,Thomas Meißner,0.96488,2026-08-03T07:38:55.2333333Z
1556,Rutang Patel,0.96488,2026-08-18T06:00:28.39Z
1557,DuDuDu0,0.96488,2026-08-22T15:47:58.7533333Z
1558,Solid,0.96488,2026-08-22T21:15:49.8466667Z
1559,Robert Šebánek,0.96487,2026-08-16T13:31:03.25Z
1560,Turnai Bálint,0.96487,2026-08-17T14:50:33.8833333Z
1561,WOWTIMWOW,0.96487,2026-08-13T07:10:31.3933333Z
1562,Orlando Virginio Penha Junior,0.96487,2026-08-08T21:02:02.7766667Z
1563,B Chaitrashree,0.96487,2026-08-18T12:43:34.3266667Z
1564,Osku,0.96486,2026-08-10T05:04:16.1766667Z
1565,Mehdiii,0.96485,2026-08-20T22:48:39.85Z
1566,RAYMOND3274872379,0.96485,2026-08-14T07:49:12.23Z
1567,Dr Anil Kumar Dubey,0.96485,2026-08-06T04:14:24.1633333Z
1568,Vijesh Kumar 45,0.96485,2026-08-03T13:50:31.9133333Z
1569,Yuk!,0.96484,2026-08-12T14:43:30.6233333Z
1570,Maize Dough,0.96484,2026-08-15T11:44:32.7433333Z
1571,Taha Zarei,0.96484,2026-08-01T18:11:26.13Z
1572,_anji___,0.96484,2026-08-11T13:54:05.5533333Z
1573,dongfangdaguo,0.96484,2026-08-09T22:18:00.6366667Z
1574,rootenter,0.96483,2026-08-01T21:07:54.0233333Z
1575,SaiPrasanth S Naidu,0.96483,2026-08-22T14:25:06.4866667Z
1576,Adarsh_Balu,0.96483,2026-08-22T04:33:21.0433333Z
1577,Marcelo Kenji Noda,0.96481,2026-08-15T21:54:32.2933333Z
1578,Lilith,0.96481,2026-08-13T15:49:16.5333333Z
1579,Pratish Chaudhary,0.96480,2026-08-14T03:35:01.8033333Z
1580,Timur,0.96479,2026-08-09T20:50:01.7033333Z
1581,Kirill Filippov,0.96479,2026-08-22T19:24:25.89Z
1582,Rahib Vk,0.96479,2026-08-06T11:26:55.5033333Z
1583,Muhammad Ammar Jamali,0.96478,2026-08-19T21:12:20.17Z
1584,Grace Ganyilo,0.96478,2026-08-13T09:48:59.26Z
1585,Apara Medhaavulu,0.96478,2026-08-21T00:32:37.1766667Z
1586,Dami Lä,0.96477,2026-08-15T21:59:01.8566667Z
1587,tsubasacat,0.96477,2026-08-09T15:40:31.7866667Z
1588,Koostik126,0.96477,2026-08-11T17:10:43.3733333Z
1589,Abdelhafid Ammari,0.96477,2026-08-05T13:53:45.16Z
1590,Vishal Rawat,0.96476,2026-08-12T08:09:18.1866667Z
1591,Algo Champ 300,0.96476,2026-08-14T11:35:30.2833333Z
1592,ally03,0.96476,2026-08-18T18:02:00.9933333Z
1593,wanny0213,0.96476,2026-08-22T11:55:51.37Z
1594,Edosuyi Enosakhare,0.96474,2026-08-02T09:51:43.92Z
1595,Moataz Hindy,0.96474,2026-08-19T18:47:43.7533333Z
1596,Sueda Kazan,0.96473,2026-08-16T15:30:06.68Z
1597,Andrew Reed,0.96473,2026-08-20T01:29:05.22Z
1598,Bhargav Bheemani,0.96473,2026-08-17T13:05:47.2166667Z
1599,vaishnavi gurav,0.96471,2026-08-14T10:44:19.1233333Z
1600,Misba Mestri,0.96471,2026-08-14T11:22:28.64Z
1601,SANGHRAJ AADHALE,0.96471,2026-08-17T05:57:32.0566667Z
1602,GOLE SHRIRAJ RAVINDRA,0.96470,2026-08-15T11:35:09.6233333Z
1603,Nabil Shahab,0.96470,2026-08-01T09:36:42.03Z
1604,Prithwiswar Bhattacharya,0.96470,2026-08-08T18:32:04.4733333Z
1605,0x3f1,0.96468,2026-08-05T07:21:16.9533333Z
1606,Shao huaaa,0.96468,2026-08-14T05:43:17.59Z
1607,Wittzy,0.96468,2026-08-08T15:30:44.8666667Z
1608,Dolev Graizer,0.96468,2026-08-12T11:58:06.23Z
1609,AnishkaRatnawat2,0.96468,2026-08-01T06:36:41.2766667Z
1610,andrea rosati1,0.96467,2026-08-21T09:34:47.8433333Z
1611,Joohyun Kim,0.96467,2026-08-13T09:44:23.33Z
1612,Ryukichi INOUE,0.96466,2026-08-19T22:47:25.75Z
1613,Morningpaper053,0.96466,2026-08-05T09:12:27.79Z
1614,C1tr3s,0.96466,2026-08-22T11:44:21.4166667Z
1615,Rishi_Lokesh07,0.96466,2026-08-05T09:34:52.9933333Z
1616,krishanu shah,0.96465,2026-08-09T17:16:05.01Z
1617,Rutuja Mhalungekar,0.96465,2026-08-14T04:00:31.7133333Z
1618,Meryem Kevser Keskin,0.96465,2026-08-22T10:35:25.9933333Z
1619,Anqi Wang,0.96465,2026-08-20T04:50:41.35Z
1620,PATIL GAYATREE BHARAT,0.96464,2026-08-17T17:05:54.4166667Z
1621,KOUSHIK KUMAR DINDA,0.96464,2026-08-21T08:00:52.14Z
1622,Chuah Jong Sik,0.96463,2026-08-20T15:33:26.4466667Z
1623,Muhammad_Mohsin.Ahmad,0.96463,2026-08-19T09:41:42.1533333Z
1624,kozyunderblanket,0.96462,2026-08-01T10:55:14.9466667Z
1625,Valentin Kalemba,0.96462,2026-08-05T22:37:14.31Z
1626,Kavya Shankar,0.96462,2026-08-08T14:16:35.9933333Z
1627,cici0814,0.96461,2026-08-11T03:26:24.6866667Z
1628,Zobayer Abdullah,0.96461,2026-08-04T06:31:47.77Z
1629,kirinCool,0.96460,2026-08-21T08:15:28.0833333Z
1630,az05192000@gmail.com,0.96460,2026-08-22T13:16:56.8533333Z
1631,stunningvn,0.96459,2026-08-20T04:15:49.1033333Z
1632,LuanHengYu,0.96459,2026-08-22T13:48:13.6666667Z
1633,Fedor,0.96459,2026-08-12T12:21:34.6833333Z
1634,Kivanc,0.96459,2026-08-12T22:48:29.0066667Z
1635,1123_Lê Trung Kiên,0.96459,2026-08-13T15:57:27.1433333Z
1636,Monotoni,0.96458,2026-08-18T14:12:16.1366667Z
1637,hariniii_29,0.96458,2026-08-16T15:43:24.9233333Z
1638,Mika SHNHR,0.96457,2026-08-19T14:00:14.6066667Z
1639,Gaurav_065,0.96457,2026-08-17T11:48:40.1566667Z
1640,Gabriel,0.96456,2026-08-04T14:27:27.3233333Z
1641,StevenKuo,0.96456,2026-08-10T03:08:54.11Z
1642,SIVA S,0.96456,2026-08-22T04:07:10.45Z
1643,Yash Mehrotra,0.96455,2026-08-05T14:11:40.7733333Z
1644,c0d3l0v3r,0.96454,2026-08-08T12:14:21.36Z
1645,Overth1nk,0.96454,2026-08-09T18:29:56.62Z
1646,Shraddha Balaso Patil,0.96454,2026-08-14T07:34:28.7133333Z
1647,Jagatheesan Nachimuthu,0.96453,2026-08-14T08:18:25.19Z
1648,Jai Sai kamal,0.96453,2026-08-10T06:00:31.27Z
1649,dianatofficial,0.96453,2026-08-18T20:27:02.43Z
1650,Artyom Sayapin,0.96453,2026-08-09T15:39:12.7733333Z
1651,Sobhan Mahmoudi,0.96453,2026-08-17T18:37:18.1033333Z
1652,DanilGorshkov,0.96452,2026-08-07T12:31:52.0333333Z
1653,Alissa King,0.96452,2026-08-01T19:49:30.2Z
1654,Mike Johnson,0.96452,2026-08-02T02:43:30.1Z
1655,kabhishm,0.96452,2026-08-03T17:47:45.5233333Z
1656,Salma Nageh,0.96452,2026-08-13T23:28:01Z
1657,Sarp Esenli,0.96451,2026-08-12T15:21:21.27Z
1658,Shubham Kumar,0.96450,2026-08-20T21:32:26.7033333Z
1659,Daniele Brunetto,0.96450,2026-08-22T10:00:53.7133333Z
1660,KCG,0.96449,2026-08-19T15:33:44.7233333Z
1661,Nokish,0.96449,2026-08-13T09:41:39.9333333Z
1662,Aditya Dube,0.96448,2026-08-05T00:12:52.6433333Z
1663,Mmt11b,0.96448,2026-08-20T09:54:39.8566667Z
1664,Tigerone1945,0.96447,2026-08-15T09:32:31.1166667Z
1665,Adnan Iqbal Kantroo,0.96447,2026-08-16T18:15:48.3533333Z
1666,pmsarea0662,0.96446,2026-08-13T06:50:01.25Z
1667,Aqib Raza,0.96445,2026-08-14T20:26:44.88Z
1668,Salvatore Ucchino,0.96445,2026-08-08T15:44:26.6966667Z
1669,haoran huang430,0.96445,2026-08-03T15:20:56.2733333Z
1670,jibola,0.96445,2026-08-19T11:51:12.05Z
1671,Kenjiro K,0.96445,2026-08-14T00:01:09.9666667Z
1672,Dmitry_Nikolaev53,0.96445,2026-08-10T12:32:10.51Z
1673,Tejaswa Gupta,0.96444,2026-08-14T09:35:10.15Z
1674,@Vishwa20,0.96444,2026-08-22T18:10:54.44Z
1675,Krystian Łata,0.96444,2026-08-10T08:31:49.64Z
1676,CodeBlooded,0.96443,2026-08-01T15:34:48.9Z
1677,Muhammad Zalan,0.96442,2026-08-04T13:44:07.9433333Z
1678,Ladipo Samson,0.96440,2026-08-06T06:37:37.2Z
1679,Utsav Sarkar,0.96440,2026-08-02T05:33:30.79Z
1680,Sash,0.96439,2026-08-13T19:42:26.61Z
1681,legtso,0.96438,2026-08-11T13:06:25.44Z
1682,Akanksha Sahai,0.96438,2026-08-05T00:34:18.74Z
1683,Gigin George Mathew,0.96438,2026-08-14T12:02:22.5233333Z
1684,Zoltan Ersek,0.96438,2026-08-19T15:31:21.89Z
1685,Sean Connolly,0.96437,2026-08-22T05:58:24.2466667Z
1686,Fred kiboga,0.96435,2026-08-13T13:27:57.51Z
1687,yawwpa,0.96435,2026-08-09T20:50:05.5733333Z
1688,Razan Ihab,0.96434,2026-08-02T10:52:22.1433333Z
1689,AmjedCP7,0.96434,2026-08-17T16:55:46.4233333Z
1690,Logeshwari Somasundaram,0.96433,2026-08-17T09:04:31.1033333Z
1691,Joe Levine,0.96433,2026-08-19T17:36:09.08Z
1692,sai varshith chilukuri,0.96433,2026-08-07T06:37:41.3333333Z
1693,Kazoric,0.96432,2026-08-05T13:46:46.35Z
1694,ocean240812,0.96432,2026-08-06T08:53:57.4966667Z
1695,Vishal0407,0.96432,2026-08-12T03:51:05.2533333Z
1696,Dimitxi,0.96431,2026-08-09T16:06:21.8966667Z
1697,ReSeP,0.96431,2026-08-10T15:24:10.5966667Z
1698,imkymn,0.96431,2026-08-10T15:13:32.6266667Z
1699,michelle_nicai_rose,0.96431,2026-08-08T16:23:53.5766667Z
1700,Ojas Rohatgi,0.96430,2026-08-08T14:01:39.5933333Z
